run_id,err_diff,expl_mode,horizon,n_all,n_in_norew,n_in_regime,n_in_rew,n_out_norew,n_out_regime,n_out_rew,n_rewarded,n_unrewarded,nll_all,nll_in_norew,nll_in_regime,nll_in_rew,nll_out_norew,nll_out_regime,nll_out_rew,nll_rewarded,nll_unrewarded,rew_nll_all,rew_nll_in,rew_nll_out,reward_aware
ax1wm_synth_fq1s0_seed1,0.348174,apt,0,24024,0,3955,3955,20069,20069,0,3955,20069,1.205914834997455,,0.9150597843748771,0.9150597843748771,1.2632336712729195,1.2632336712729195,,0.9150597843748771,1.2632336712729195,,,,0
ax1wm_synth_fq1s0_seed1,0.521584,apt,1,24000,0,3955,3955,20045,20045,0,3955,20045,2.976040635126903,,2.540409365865087,2.540409365865087,3.0619933250710525,3.0619933250710525,,2.540409365865087,3.0619933250710525,,,,0
ax1wm_synth_fq1s0_seed1,-0.213704,apt,5,23904,0,3955,3955,19949,19949,0,3955,19949,4.87820747624862,,5.0565537213425875,5.0565537213425875,4.8428493430416095,4.8428493430416095,,5.0565537213425875,4.8428493430416095,,,,0
ax1wm_synth_fq1s0_seed1,-1.073455,apt,20,23544,0,3949,3949,19595,19595,0,3949,19595,5.374426510561173,,6.267832689669992,6.267832689669992,5.194377467371546,5.194377467371546,,6.267832689669992,5.194377467371546,,,,0
ax1wm_synth_fq1s0_seed2,0.266197,apt,0,24024,0,3955,3955,20069,20069,0,3955,20069,1.201267293348059,,0.978893280573426,0.978893280573426,1.2450905640901824,1.2450905640901824,,0.978893280573426,1.2450905640901824,,,,0
ax1wm_synth_fq1s0_seed2,0.535045,apt,1,24000,0,3955,3955,20045,20045,0,3955,20045,2.996844321556552,,2.5499701540578803,2.5499701540578803,3.0850153034701084,3.0850153034701084,,2.5499701540578803,3.0850153034701084,,,,0
ax1wm_synth_fq1s0_seed2,0.172263,apt,5,23904,0,3955,3955,19949,19949,0,3955,19949,4.880214685356346,,4.736453366413042,4.736453366413042,4.908716164950348,4.908716164950348,,4.736453366413042,4.908716164950348,,,,0
ax1wm_synth_fq1s0_seed2,-0.406551,apt,20,23544,0,3949,3949,19595,19595,0,3949,19595,5.40902357522703,,5.747384580377074,5.747384580377074,5.340833342548412,5.340833342548412,,5.747384580377074,5.340833342548412,,,,0
ax1wm_synth_fq1s0_seed3,0.165168,apt,0,24024,0,3955,3955,20069,20069,0,3955,20069,1.1777667756956247,,1.0397899038145295,1.0397899038145295,1.2049578927562523,1.2049578927562523,,1.0397899038145295,1.2049578927562523,,,,0
ax1wm_synth_fq1s0_seed3,0.300838,apt,1,24000,0,3955,3955,20045,20045,0,3955,20045,2.9336673057114435,,2.6824051804293094,2.6824051804293094,2.98324284602029,2.98324284602029,,2.6824051804293094,2.98324284602029,,,,0
ax1wm_synth_fq1s0_seed3,-0.31549,apt,5,23904,0,3955,3955,19949,19949,0,3955,19949,4.8171126047800215,,5.080403605455662,5.080403605455662,4.764913702194821,4.764913702194821,,5.080403605455662,4.764913702194821,,,,0
ax1wm_synth_fq1s0_seed3,-0.479063,apt,20,23544,0,3949,3949,19595,19595,0,3949,19595,5.2854304980309506,,5.684140766220639,5.684140766220639,5.2050780178533,5.2050780178533,,5.684140766220639,5.2050780178533,,,,0
ax1wm_synth_fq1s0_seed4,0.252312,apt,0,24024,0,3955,3955,20069,20069,0,3955,20069,1.150393048161816,,0.9396180919467283,0.9396180919467283,1.1919304915735787,1.1919304915735787,,0.9396180919467283,1.1919304915735787,,,,0
ax1wm_synth_fq1s0_seed4,0.418924,apt,1,24000,0,3955,3955,20045,20045,0,3955,20045,2.9309894955782885,,2.5811003131946153,2.5811003131946153,3.0000247520675587,3.0000247520675587,,2.5811003131946153,3.0000247520675587,,,,0
ax1wm_synth_fq1s0_seed4,-0.176197,apt,5,23904,0,3955,3955,19949,19949,0,3955,19949,4.771754817829483,,4.918799400961609,4.918799400961609,4.742602412882491,4.742602412882491,,4.918799400961609,4.742602412882491,,,,0
ax1wm_synth_fq1s0_seed4,-0.449298,apt,20,23544,0,3949,3949,19595,19595,0,3949,19595,5.270188701521096,,5.644126921599015,5.644126921599015,5.19482855704099,5.19482855704099,,5.644126921599015,5.19482855704099,,,,0
ax1wm_synth_fq1s0_seed5,0.339415,apt,0,24024,0,3955,3955,20069,20069,0,3955,20069,1.132408964674985,,0.8488708969854799,0.8488708969854799,1.1882858423326657,1.1882858423326657,,0.8488708969854799,1.1882858423326657,,,,0
ax1wm_synth_fq1s0_seed5,0.501724,apt,1,24000,0,3955,3955,20045,20045,0,3955,20045,2.8549295970647104,,2.4358851457681063,2.4358851457681063,2.937609607285617,2.937609607285617,,2.4358851457681063,2.937609607285617,,,,0
ax1wm_synth_fq1s0_seed5,-0.2247,apt,5,23904,0,3955,3955,19949,19949,0,3955,19949,4.686254560024352,,4.8737772484841715,4.8737772484841715,4.649077145975599,4.649077145975599,,4.8737772484841715,4.649077145975599,,,,0
ax1wm_synth_fq1s0_seed5,-0.355651,apt,20,23544,0,3949,3949,19595,19595,0,3949,19595,5.166314574176135,,5.462313037051852,5.462313037051852,5.106661707123509,5.106661707123509,,5.462313037051852,5.106661707123509,,,,0
ax1wm_synth_fq1s0_seed6,0.119162,apt,0,24024,0,3955,3955,20069,20069,0,3955,20069,1.2015502527458273,,1.1020058937543094,1.1020058937543094,1.221167470335715,1.221167470335715,,1.1020058937543094,1.221167470335715,,,,0
ax1wm_synth_fq1s0_seed6,0.246856,apt,1,24000,0,3955,3955,20045,20045,0,3955,20045,2.9703257925508635,,2.764149296173064,2.764149296173064,3.0110056649965706,3.0110056649965706,,2.764149296173064,3.0110056649965706,,,,0
ax1wm_synth_fq1s0_seed6,-0.413684,apt,5,23904,0,3955,3955,19949,19949,0,3955,19949,4.863626474689913,,5.208864988343764,5.208864988343764,4.795181022712321,4.795181022712321,,5.208864988343764,4.795181022712321,,,,0
ax1wm_synth_fq1s0_seed6,-0.770078,apt,20,23544,0,3949,3949,19595,19595,0,3949,19595,5.4119305721611,,6.052844250996745,6.052844250996745,5.282766595752732,5.282766595752732,,6.052844250996745,5.282766595752732,,,,0
ax1wm_synth_fq1s0_seed7,0.007842,apt,0,24024,0,3955,3955,20069,20069,0,3955,20069,1.2133499108942383,,1.206799225767048,1.206799225767048,1.2146408551205592,1.2146408551205592,,1.206799225767048,1.2146408551205592,,,,0
ax1wm_synth_fq1s0_seed7,-0.052761,apt,1,24000,0,3955,3955,20045,20045,0,3955,20045,2.985979250263104,,3.0300453003825636,3.0300453003825636,2.977284751474255,2.977284751474255,,3.0300453003825636,2.977284751474255,,,,0
ax1wm_synth_fq1s0_seed7,-0.74503,apt,5,23904,0,3955,3955,19949,19949,0,3955,19949,4.847091940418316,,5.468854004858445,5.468854004858445,4.723824159333514,4.723824159333514,,5.468854004858445,4.723824159333514,,,,0
ax1wm_synth_fq1s0_seed7,-1.132516,apt,20,23544,0,3949,3949,19595,19595,0,3949,19595,5.419127278636855,,6.361688458717125,6.361688458717125,5.229171978808481,5.229171978808481,,6.361688458717125,5.229171978808481,,,,0
ax1wm_synth_fq1s0_seed8,0.176848,apt,0,24024,0,3955,3955,20069,20069,0,3955,20069,1.2081182045885732,,1.0603842095219964,1.0603842095219964,1.2372321589703716,1.2372321589703716,,1.0603842095219964,1.2372321589703716,,,,0
ax1wm_synth_fq1s0_seed8,0.355567,apt,1,24000,0,3955,3955,20045,20045,0,3955,20045,2.919105466194721,,2.622132891522927,2.622132891522927,2.977699955235726,2.977699955235726,,2.622132891522927,2.977699955235726,,,,0
ax1wm_synth_fq1s0_seed8,-0.151038,apt,5,23904,0,3955,3955,19949,19949,0,3955,19949,4.731855544775815,,4.857903709184539,4.857903709184539,4.706865796405646,4.706865796405646,,4.857903709184539,4.706865796405646,,,,0
ax1wm_synth_fq1s0_seed8,-0.232647,apt,20,23544,0,3949,3949,19595,19595,0,3949,19595,5.199025221936597,,5.392650465562296,5.392650465562296,5.160003732419991,5.160003732419991,,5.392650465562296,5.160003732419991,,,,0
ax1wm_synth_fq1s1_seed1,0.628071,apt,0,24024,0,3955,3955,20069,20069,0,3955,20069,1.1287945949312213,,0.6041212579463462,0.6041212579463462,1.2321920261821644,1.2321920261821644,,0.6041212579463462,1.2321920261821644,,,,0
ax1wm_synth_fq1s1_seed1,0.950959,apt,1,24000,0,3955,3955,20045,20045,0,3955,20045,2.8434823418384902,,2.0492337418301885,2.0492337418301885,3.00019240484836,3.00019240484836,,2.0492337418301885,3.00019240484836,,,,0
ax1wm_synth_fq1s1_seed1,0.348992,apt,5,23904,0,3955,3955,19949,19949,0,3955,19949,4.703862608119832,,4.412612498570139,4.412612498570139,4.7616045592586875,4.7616045592586875,,4.412612498570139,4.7616045592586875,,,,0
ax1wm_synth_fq1s1_seed1,0.004522,apt,20,23544,0,3949,3949,19595,19595,0,3949,19595,5.228058247387813,,5.224294425060757,5.224294425060757,5.228816774275771,5.228816774275771,,5.224294425060757,5.228816774275771,,,,0
ax1wm_synth_fq1s1_seed2,0.583435,apt,0,24024,0,3955,3955,20069,20069,0,3955,20069,1.1557469231848876,,0.6683614242763461,0.6683614242763461,1.2517960361543072,1.2517960361543072,,0.6683614242763461,1.2517960361543072,,,,0
ax1wm_synth_fq1s1_seed2,0.793451,apt,1,24000,0,3955,3955,20045,20045,0,3955,20045,2.8567634541099225,,2.194066899990729,2.194066899990729,2.987517501081308,2.987517501081308,,2.194066899990729,2.987517501081308,,,,0
ax1wm_synth_fq1s1_seed2,0.218785,apt,5,23904,0,3955,3955,19949,19949,0,3955,19949,4.638769531576369,,4.4561832981214335,4.4561832981214335,4.6749682660149,4.6749682660149,,4.4561832981214335,4.6749682660149,,,,0
ax1wm_synth_fq1s1_seed2,-0.025623,apt,20,23544,0,3949,3949,19595,19595,0,3949,19595,5.189104825063007,,5.210430049428028,5.210430049428028,5.184807131211643,5.184807131211643,,5.210430049428028,5.184807131211643,,,,0
ax1wm_synth_fq1s1_seed3,0.651287,apt,0,24024,0,3955,3955,20069,20069,0,3955,20069,1.1757605916133953,,0.6316934564202416,0.6316934564202416,1.2829799607742365,1.2829799607742365,,0.6316934564202416,1.2829799607742365,,,,0
ax1wm_synth_fq1s1_seed3,0.87083,apt,1,24000,0,3955,3955,20045,20045,0,3955,20045,2.9041993851392633,,2.176874946759543,2.176874946759543,3.0477049054082483,3.0477049054082483,,2.176874946759543,3.0477049054082483,,,,0
ax1wm_synth_fq1s1_seed3,0.230002,apt,5,23904,0,3955,3955,19949,19949,0,3955,19949,4.724951540302951,,4.533004038913352,4.533004038913352,4.763006198080075,4.763006198080075,,4.533004038913352,4.763006198080075,,,,0
ax1wm_synth_fq1s1_seed3,-0.113416,apt,20,23544,0,3949,3949,19595,19595,0,3949,19595,5.24572349769871,,5.340116429696308,5.340116429696308,5.226700395455357,5.226700395455357,,5.340116429696308,5.226700395455357,,,,0
ax1wm_synth_fq1s1_seed4,0.572677,apt,0,24024,0,3955,3955,20069,20069,0,3955,20069,1.1183554746555628,,0.6399567917832517,0.6399567917832517,1.2126335548170053,1.2126335548170053,,0.6399567917832517,1.2126335548170053,,,,0
ax1wm_synth_fq1s1_seed4,0.858753,apt,1,24000,0,3955,3955,20045,20045,0,3955,20045,2.872603852631722,,2.155365984415987,2.155365984415987,3.014119231468999,3.014119231468999,,2.155365984415987,3.014119231468999,,,,0
ax1wm_synth_fq1s1_seed4,0.339934,apt,5,23904,0,3955,3955,19949,19949,0,3955,19949,4.703186693921127,,4.419495542628472,4.419495542628472,4.759430039620783,4.759430039620783,,4.419495542628472,4.759430039620783,,,,0
ax1wm_synth_fq1s1_seed4,0.193059,apt,20,23544,0,3949,3949,19595,19595,0,3949,19595,5.23614013662976,,5.075462875511749,5.075462875511749,5.268521586191128,5.268521586191128,,5.075462875511749,5.268521586191128,,,,0
ax1wm_synth_fq1s1_seed5,0.545103,apt,0,24024,0,3955,3955,20069,20069,0,3955,20069,1.155451789744435,,0.7000872041982171,0.7000872041982171,1.2451905378552173,1.2451905378552173,,0.7000872041982171,1.2451905378552173,,,,0
ax1wm_synth_fq1s1_seed5,0.735863,apt,1,24000,0,3955,3955,20045,20045,0,3955,20045,2.8928859968004144,,2.2782874384916116,2.2782874384916116,3.0141500176590483,3.0141500176590483,,2.2782874384916116,3.0141500176590483,,,,0
ax1wm_synth_fq1s1_seed5,0.236693,apt,5,23904,0,3955,3955,19949,19949,0,3955,19949,4.693555910763688,,4.496024557223346,4.496024557223346,4.732717598229328,4.732717598229328,,4.496024557223346,4.732717598229328,,,,0
ax1wm_synth_fq1s1_seed5,-0.130475,apt,20,23544,0,3949,3949,19595,19595,0,3949,19595,5.230846481875539,,5.339436925228789,5.339436925228789,5.20896214093132,5.20896214093132,,5.339436925228789,5.20896214093132,,,,0
ax1wm_synth_fq1s1_seed6,0.651481,apt,0,24024,0,3955,3955,20069,20069,0,3955,20069,1.1565752433963397,,0.6123455237176203,0.6123455237176203,1.263826653099331,1.263826653099331,,0.6123455237176203,1.263826653099331,,,,0
ax1wm_synth_fq1s1_seed6,0.935933,apt,1,24000,0,3955,3955,20045,20045,0,3955,20045,2.919961780876139,,2.138263047573697,2.138263047573697,3.074195679115658,3.074195679115658,,2.138263047573697,3.074195679115658,,,,0
ax1wm_synth_fq1s1_seed6,0.287464,apt,5,23904,0,3955,3955,19949,19949,0,3955,19949,4.735739848053382,,4.495837989794706,4.495837989794706,4.783301723305929,4.783301723305929,,4.495837989794706,4.783301723305929,,,,0
ax1wm_synth_fq1s1_seed6,-0.078393,apt,20,23544,0,3949,3949,19595,19595,0,3949,19595,5.26954302300744,,5.334787492543503,5.334787492543503,5.256394239634236,5.256394239634236,,5.334787492543503,5.256394239634236,,,,0
ax1wm_synth_fq1s1_seed7,0.55008,apt,0,24024,0,3955,3955,20069,20069,0,3955,20069,1.1961380716984853,,0.7366161025258041,0.7366161025258041,1.2866961158500605,1.2866961158500605,,0.7366161025258041,1.2866961158500605,,,,0
ax1wm_synth_fq1s1_seed7,0.715681,apt,1,24000,0,3955,3955,20045,20045,0,3955,20045,2.875762779383238,,2.278020371674024,2.278020371674024,2.9937009795573437,2.9937009795573437,,2.278020371674024,2.9937009795573437,,,,0
ax1wm_synth_fq1s1_seed7,0.126134,apt,5,23904,0,3955,3955,19949,19949,0,3955,19949,4.731628033658027,,4.6263636900709635,4.6263636900709635,4.7524972741656635,4.7524972741656635,,4.6263636900709635,4.7524972741656635,,,,0
ax1wm_synth_fq1s1_seed7,-0.103615,apt,20,23544,0,3949,3949,19595,19595,0,3949,19595,5.286700958171299,,5.372936620568408,5.372936620568408,5.269321798650698,5.269321798650698,,5.372936620568408,5.269321798650698,,,,0
ax1wm_synth_fq1s1_seed8,0.551618,apt,0,24024,0,3955,3955,20069,20069,0,3955,20069,1.1232026781055033,,0.6623956807779208,0.6623956807779208,1.214013962894511,1.214013962894511,,0.6623956807779208,1.214013962894511,,,,0
ax1wm_synth_fq1s1_seed8,0.773695,apt,1,24000,0,3955,3955,20045,20045,0,3955,20045,2.849720626472808,,2.203524397775009,2.203524397775009,2.9772190592241077,2.9772190592241077,,2.203524397775009,2.9772190592241077,,,,0
ax1wm_synth_fq1s1_seed8,0.255524,apt,5,23904,0,3955,3955,19949,19949,0,3955,19949,4.681390271764532,,4.468143615721811,4.468143615721811,4.723667605197234,4.723667605197234,,4.468143615721811,4.723667605197234,,,,0
ax1wm_synth_fq1s1_seed8,0.028257,apt,20,23544,0,3949,3949,19595,19595,0,3949,19595,5.222492593643118,,5.198974750163249,5.198974750163249,5.227232168223471,5.227232168223471,,5.198974750163249,5.227232168223471,,,,0
ax1wm_synth_q1s0_seed1,-0.026607,task,0,24024,0,3955,3955,20069,20069,0,3955,20069,0.5021119868498193,,0.5243390200049254,0.5243390200049254,0.4977317030226009,0.4977317030226009,,0.5243390200049254,0.4977317030226009,0.8703590197103483,5.249209280381764,0.007418525368056909,1
ax1wm_synth_q1s0_seed1,-0.008922,task,1,24000,0,3955,3955,20045,20045,0,3955,20045,1.3097140554794189,,1.3171654064509937,1.3171654064509937,1.308243858767392,1.308243858767392,,1.3171654064509937,1.308243858767392,0.8789959383731087,5.295649069766179,0.007563504616082473,1
ax1wm_synth_q1s0_seed1,0.065675,task,5,23904,0,3955,3955,19949,19949,0,3955,19949,3.284088534441786,,3.2292801007329133,3.2292801007329133,3.294954610702179,3.294954610702179,,3.2292801007329133,3.294954610702179,0.9487586359192968,5.694576179815454,0.007873960692002078,1
ax1wm_synth_q1s0_seed1,0.068398,task,20,23544,0,3949,3949,19595,19595,0,3949,19595,4.861918570574282,,4.804992911728977,4.804992911728977,4.873390855686816,4.873390855686816,,4.804992911728977,4.873390855686816,1.074174969568165,6.364495740265266,0.008011319479731827,1
ax1wm_synth_q1s0_seed2,-0.044947,task,0,24024,0,3955,3955,20069,20069,0,3955,20069,0.5056875235847231,,0.5432353391464411,0.5432353391464411,0.4982879715120442,0.4982879715120442,,0.5432353391464411,0.4982879715120442,0.5648487212035285,3.3920120603818207,0.007699336259079607,1
ax1wm_synth_q1s0_seed2,-0.008536,task,1,24000,0,3955,3955,20045,20045,0,3955,20045,1.2981815176719875,,1.3053110793222504,1.3053110793222504,1.2967748119435365,1.2967748119435365,,1.3053110793222504,1.2967748119435365,0.5841826124389966,3.5074205958888443,0.0074100395008999675,1
ax1wm_synth_q1s0_seed2,0.129413,task,5,23904,0,3955,3955,19949,19949,0,3955,19949,3.3127230346931387,,3.2047220023268985,3.2047220023268985,3.3341348389444034,3.3341348389444034,,3.2047220023268985,3.3341348389444034,0.6519316418802084,3.9058858916973493,0.006817147016967471,1
ax1wm_synth_q1s0_seed2,0.13609,task,20,23544,0,3949,3949,19595,19595,0,3949,19595,4.906215717728599,,4.7929521095261665,4.7929521095261665,4.929041846271154,4.929041846271154,,4.7929521095261665,4.929041846271154,0.7569236970078447,4.479682611963302,0.006672359668773545,1
ax1wm_synth_q1s0_seed3,-0.058794,task,0,24024,0,3955,3955,20069,20069,0,3955,20069,0.5020952002099885,,0.5512098857520018,0.5512098857520018,0.49241616381960235,0.49241616381960235,,0.5512098857520018,0.49241616381960235,0.8340404716295835,5.057327678622548,0.0017568050962647038,1
ax1wm_synth_q1s0_seed3,-0.052358,task,1,24000,0,3955,3955,20045,20045,0,3955,20045,1.3001778802110795,,1.3439079917965333,1.3439079917965333,1.2915496641312356,1.2915496641312356,,1.3439079917965333,1.2915496641312356,0.8620115888193249,5.22251848395344,0.0016571477988498351,1
ax1wm_synth_q1s0_seed3,-0.014036,task,5,23904,0,3955,3955,19949,19949,0,3955,19949,3.2895383684870367,,3.3012516626430455,3.3012516626430455,3.2872161428924196,3.2872161428924196,,3.3012516626430455,3.2872161428924196,0.8665316741853712,5.2298270510059846,0.0014841422125644102,1
ax1wm_synth_q1s0_seed3,-0.110678,task,20,23544,0,3949,3949,19595,19595,0,3949,19595,4.886372249125519,,4.9784863790352585,4.9784863790352585,4.867808396152129,4.867808396152129,,4.9784863790352585,4.867808396152129,0.9249446581627615,5.507851793950768,0.0013467873167888216,1
ax1wm_synth_q1s0_seed4,-0.003649,task,0,24024,0,3955,3955,20069,20069,0,3955,20069,0.5033624775749319,,0.506410533166715,0.506410533166715,0.5027617969298823,0.5027617969298823,,0.506410533166715,0.5027617969298823,0.8280377283077061,5.019841597942275,0.0019584864718038835,1
ax1wm_synth_q1s0_seed4,0.024861,task,1,24000,0,3955,3955,20045,20045,0,3955,20045,1.3080013008623332,,1.2872375583053017,1.2872375583053017,1.3120981131253941,1.3120981131253941,,1.2872375583053017,1.3120981131253941,0.8411050368969639,5.093576183225653,0.002066703959574691,1
ax1wm_synth_q1s0_seed4,0.056245,task,5,23904,0,3955,3955,19949,19949,0,3955,19949,3.293215348591827,,3.2462763023522023,3.2462763023522023,3.302521275098305,3.302521275098305,,3.2462763023522023,3.302521275098305,0.8661643988820643,5.224811609792046,0.0020383916060615825,1
ax1wm_synth_q1s0_seed4,0.036718,task,20,23544,0,3949,3949,19595,19595,0,3949,19595,4.8674545038399515,,4.836895435322907,4.836895435322907,4.873613103563035,4.873613103563035,,4.836895435322907,4.873613103563035,0.9495646089867309,5.653495145556473,0.0015767708181209422,1
ax1wm_synth_q1s0_seed5,0.000943,task,0,24024,0,3955,3955,20069,20069,0,3955,20069,0.5191008506381817,,0.5183127937857278,0.5183127937857278,0.519256153087305,0.519256153087305,,0.5183127937857278,0.519256153087305,0.7467591282385927,4.487436528287254,0.009583428542920129,1
ax1wm_synth_q1s0_seed5,0.027812,task,1,24000,0,3955,3955,20045,20045,0,3955,20045,1.3263330023848285,,1.303104459323887,1.303104459323887,1.3309161347273593,1.3309161347273593,,1.303104459323887,1.3309161347273593,0.7557270558575789,4.536647258908046,0.009728582269921212,1
ax1wm_synth_q1s0_seed5,0.11019,task,5,23904,0,3955,3955,19949,19949,0,3955,19949,3.3404376326293472,,3.2484786449348837,3.2484786449348837,3.3586690124645067,3.3586690124645067,,3.2484786449348837,3.3586690124645067,0.7891318152472876,4.724917283446991,0.008840496046835095,1
ax1wm_synth_q1s0_seed5,0.113234,task,20,23544,0,3949,3949,19595,19595,0,3949,19595,4.953219059306796,,4.858977533897247,4.858977533897247,4.972211648428629,4.972211648428629,,4.858977533897247,4.972211648428629,0.8604344462041056,5.093993428146486,0.007241059131359501,1
ax1wm_synth_q1s0_seed6,0.013865,task,0,24024,0,3955,3955,20069,20069,0,3955,20069,0.49411638583632284,,0.48253385084273226,0.48253385084273226,0.4963989572598941,0.4963989572598941,,0.48253385084273226,0.4963989572598941,0.35691491039820283,2.1457862350943717,0.004381845015107121,1
ax1wm_synth_q1s0_seed6,0.035656,task,1,24000,0,3955,3955,20045,20045,0,3955,20045,1.2905911107846386,,1.260810820796858,1.260810820796858,1.296466942508344,1.296466942508344,,1.260810820796858,1.296466942508344,0.3658050601085027,2.195675110786814,0.004760607604999499,1
ax1wm_synth_q1s0_seed6,0.103795,task,5,23904,0,3955,3955,19949,19949,0,3955,19949,3.3126836883670694,,3.226061922846674,3.226061922846674,3.3298569342757953,3.3298569342757953,,3.226061922846674,3.3298569342757953,0.3730331499982311,2.2323879578622945,0.004405736839557938,1
ax1wm_synth_q1s0_seed6,0.036427,task,20,23544,0,3949,3949,19595,19595,0,3949,19595,4.942486424224861,,4.912169047411486,4.912169047411486,4.948596315576534,4.948596315576534,,4.912169047411486,4.948596315576534,0.3944795044013079,2.325569553521954,0.005304990291717132,1
ax1wm_synth_q1s0_seed7,-0.032674,task,0,24024,0,3955,3955,20069,20069,0,3955,20069,0.5040625822638324,,0.5313576106087586,0.5313576106087586,0.49868354807656934,0.49868354807656934,,0.5313576106087586,0.49868354807656934,0.9414073340855278,5.712118713578443,0.0012427266863312052,1
ax1wm_synth_q1s0_seed7,-0.009333,task,1,24000,0,3955,3955,20045,20045,0,3955,20045,1.3052648269352445,,1.3130601048274395,1.3130601048274395,1.303726771357114,1.303726771357114,,1.3130601048274395,1.303726771357114,0.9535282069817186,5.778882358740313,0.0014565846217662862,1
ax1wm_synth_q1s0_seed7,0.148208,task,5,23904,0,3955,3955,19949,19949,0,3955,19949,3.2966832530669303,,3.172997172869139,3.172997172869139,3.3212047051288014,3.3212047051288014,,3.172997172869139,3.3212047051288014,1.0085670577843426,6.0900495493005105,0.0011349431948169644,1
ax1wm_synth_q1s0_seed7,0.074016,task,20,23544,0,3949,3949,19595,19595,0,3949,19595,4.87904142289503,,4.817439850458257,4.817439850458257,4.891456049562691,4.891456049562691,,4.817439850458257,4.891456049562691,1.0422421635144064,6.207995826985511,0.0011826474619751287,1
ax1wm_synth_q1s0_seed8,-0.014303,task,0,24024,0,3955,3955,20069,20069,0,3955,20069,0.5158584398081919,,0.5278069631330646,0.5278069631330646,0.5135037430246017,0.5135037430246017,,0.5278069631330646,0.5135037430246017,0.9556827579429258,5.796102616307708,0.0017806930750841588,1
ax1wm_synth_q1s0_seed8,0.017326,task,1,24000,0,3955,3955,20045,20045,0,3955,20045,1.3215994045393606,,1.307128410550819,1.307128410550819,1.324454619367232,1.324454619367232,,1.307128410550819,1.324454619367232,0.969409563501676,5.874602041548935,0.0015853554359782393,1
ax1wm_synth_q1s0_seed8,0.154464,task,5,23904,0,3955,3955,19949,19949,0,3955,19949,3.319804747045941,,3.1908970643317396,3.1908970643317396,3.3453614107952356,3.3453614107952356,,3.1908970643317396,3.3453614107952356,1.0218846346419979,6.169980722824029,0.0012460046976429757,1
ax1wm_synth_q1s0_seed8,0.207833,task,20,23544,0,3949,3949,19595,19595,0,3949,19595,4.895590703782485,,4.722617211133828,4.722617211133828,4.93045022521497,4.93045022521497,,4.722617211133828,4.93045022521497,1.121591275861038,6.681395365787959,0.0011183822085036705,1
ax1wm_synth_q1s0_seed99,-0.036671,task,0,24024,0,3955,3955,20069,20069,0,3955,20069,0.4934078036133441,,0.5240414775136537,0.5240414775136537,0.487370822185484,0.487370822185484,,0.5240414775136537,0.487370822185484,0.1341773737178538,0.760737772732408,0.010701048135983165,1
ax1wm_synth_q1s0_seed99,-0.017971,task,1,24000,0,3955,3955,20045,20045,0,3955,20045,1.2953178934848302,,1.3103273808404157,1.3103273808404157,1.2923564306516375,1.2923564306516375,,1.3103273808404157,1.2923564306516375,0.13296010579168796,0.7802507364644413,0.005245740897163663,1
ax1wm_synth_q1s0_seed99,0.015275,task,5,23904,0,3955,3955,19949,19949,0,3955,19949,3.29810490500487,,3.285357615848555,3.285357615848555,3.3006321258486833,3.3006321258486833,,3.285357615848555,3.3006321258486833,0.14107757839692164,0.839991719321867,0.0025139698271608225,1
ax1wm_synth_q1s0_seed99,-0.127798,task,20,23544,0,3949,3949,19595,19595,0,3949,19595,4.843522390829177,,4.949884842091303,4.949884842091303,4.822087059365327,4.822087059365327,,4.949884842091303,4.822087059365327,0.20431338508609925,1.2046798466881428,0.0027085289051107498,1
ax1wm_synth_q1s1_seed1,-0.015443,task,0,24024,0,3955,3955,20069,20069,0,3955,20069,0.4896489328796876,,0.5025496833420877,0.5025496833420877,0.4871065805911434,0.4871065805911434,,0.5025496833420877,0.4871065805911434,0.12218546604131644,0.675200993568647,0.013202636235616473,1
ax1wm_synth_q1s1_seed1,0.019622,task,1,24000,0,3955,3955,20045,20045,0,3955,20045,1.2958502439533874,,1.279462073892593,1.279462073892593,1.2990837292410127,1.2990837292410127,,1.279462073892593,1.2990837292410127,0.12237561610837777,0.6759130631325067,0.01315932261970579,1
ax1wm_synth_q1s1_seed1,0.099104,task,5,23904,0,3955,3955,19949,19949,0,3955,19949,3.2904175580763875,,3.2077103713647093,3.2077103713647093,3.306814717003887,3.306814717003887,,3.2077103713647093,3.306814717003887,0.12392388117640532,0.6771612668911515,0.014241498074404153,1
ax1wm_synth_q1s1_seed1,0.079169,task,20,23544,0,3949,3949,19595,19595,0,3949,19595,4.778122347657398,,4.712232204687917,4.712232204687917,4.791401254245123,4.791401254245123,,4.712232204687917,4.791401254245123,0.12475018168068888,0.6748875261077582,0.013880450976810519,1
ax1wm_synth_q1s1_seed2,-0.022254,task,0,24024,0,3955,3955,20069,20069,0,3955,20069,0.490809585997764,,0.5094003304469341,0.5094003304469341,0.48714590597900526,0.48714590597900526,,0.5094003304469341,0.48714590597900526,0.11304524893954004,0.6758415617472604,0.002134918721067073,1
ax1wm_synth_q1s1_seed2,-0.003013,task,1,24000,0,3955,3955,20045,20045,0,3955,20045,1.2944959908004179,,1.2970122492515896,1.2970122492515896,1.2939995177560488,1.2939995177560488,,1.2970122492515896,1.2939995177560488,0.11338492402931054,0.6766563367301083,0.0022480601115427755,1
ax1wm_synth_q1s1_seed2,0.06274,task,5,23904,0,3955,3955,19949,19949,0,3955,19949,3.291407136566607,,3.2390472786405984,3.2390472786405984,3.301787769084396,3.301787769084396,,3.2390472786405984,3.301787769084396,0.11359922049524714,0.6773856441682268,0.001825432053388668,1
ax1wm_synth_q1s1_seed2,0.175359,task,20,23544,0,3949,3949,19595,19595,0,3949,19595,4.813357856022122,,4.667411908311764,4.667411908311764,4.842770489219785,4.842770489219785,,4.667411908311764,4.842770489219785,0.11497965520118071,0.6753505720884536,0.002047542377101064,1
ax1wm_synth_q1s1_seed3,-0.018892,task,0,24024,0,3955,3955,20069,20069,0,3955,20069,0.48873818627578547,,0.5045202159503457,0.5045202159503457,0.485628019981357,0.485628019981357,,0.5045202159503457,0.485628019981357,0.11223074331844882,0.6735958436044821,0.0016024623063773792,1
ax1wm_synth_q1s1_seed3,0.003979,task,1,24000,0,3955,3955,20045,20045,0,3955,20045,1.3013746571506057,,1.2980513406310288,1.2980513406310288,1.3020303676437426,1.3020303676437426,,1.2980513406310288,1.3020303676437426,0.11238085487484932,0.6735502495627036,0.0016587318521272692,1
ax1wm_synth_q1s1_seed3,0.06569,task,5,23904,0,3955,3955,19949,19949,0,3955,19949,3.3164657222066634,,3.2616445717955287,3.2616445717955287,3.327334319623879,3.327334319623879,,3.2616445717955287,3.327334319623879,0.1125832234460666,0.6733781657538432,0.0014025127925372757,1
ax1wm_synth_q1s1_seed3,0.14015,task,20,23544,0,3949,3949,19595,19595,0,3949,19595,4.891817228724121,,4.775174254734065,4.775174254734065,4.9153244042427096,4.9153244042427096,,4.775174254734065,4.9153244042427096,0.11396693054496776,0.6719861696055642,0.0015087537115768194,1
ax1wm_synth_q1s1_seed4,0.007965,task,0,24024,0,3955,3955,20069,20069,0,3955,20069,0.49586893051438496,,0.48921548243088914,0.48921548243088914,0.49718012624761665,0.49718012624761665,,0.48921548243088914,0.49718012624761665,0.11741317877353051,0.6719040420805911,0.008139604386195598,1
ax1wm_synth_q1s1_seed4,0.051769,task,1,24000,0,3955,3955,20045,20045,0,3955,20045,1.3043120957344514,,1.26107389578608,1.26107389578608,1.3128432546666444,1.3128432546666444,,1.26107389578608,1.3128432546666444,0.11808221469571194,0.672088341676782,0.008773447810696616,1
ax1wm_synth_q1s1_seed4,0.105341,task,5,23904,0,3955,3955,19949,19949,0,3955,19949,3.2752927535558123,,3.1873810538332985,3.1873810538332985,3.2927217360813787,3.2927217360813787,,3.1873810538332985,3.2927217360813787,0.12038853592482436,0.6709456279666626,0.011237535923547605,1
ax1wm_synth_q1s1_seed4,0.102627,task,20,23544,0,3949,3949,19595,19595,0,3949,19595,4.853019895010896,,4.767606441288173,4.767606441288173,4.870233353992832,4.870233353992832,,4.767606441288173,4.870233353992832,0.12534875222970707,0.6718682855646892,0.015208122623182736,1
ax1wm_synth_q1s1_seed5,0.01511,task,0,24024,0,3955,3955,20069,20069,0,3955,20069,0.5079256205581063,,0.4953028495077196,0.4953028495077196,0.5104131914138679,0.5104131914138679,,0.4953028495077196,0.5104131914138679,0.11542308326070007,0.6889829273018915,0.002391582778219008,1
ax1wm_synth_q1s1_seed5,0.044881,task,1,24000,0,3955,3955,20045,20045,0,3955,20045,1.3147971355479162,,1.277312240726893,1.277312240726893,1.3221931325056187,1.3221931325056187,,1.277312240726893,1.3221931325056187,0.11577871595571439,0.690260527332875,0.002429972428816398,1
ax1wm_synth_q1s1_seed5,0.034713,task,5,23904,0,3955,3955,19949,19949,0,3955,19949,3.30265112273085,,3.273681680779535,3.273681680779535,3.3083944754260957,3.3083944754260957,,3.273681680779535,3.3083944754260957,0.11706276413008392,0.6934314196691501,0.00279447836854164,1
ax1wm_synth_q1s1_seed5,-0.040963,task,20,23544,0,3949,3949,19595,19595,0,3949,19595,4.848159536590316,,4.88225164595428,4.88225164595428,4.841288919602396,4.841288919602396,,4.88225164595428,4.841288919602396,0.11917715382199283,0.693251337211746,0.003483407957938959,1
ax1wm_synth_q1s1_seed6,0.005629,task,0,24024,0,3955,3955,20069,20069,0,3955,20069,0.4971733485954387,,0.4924707598110094,0.4924707598110094,0.49810008827566277,0.49810008827566277,,0.4924707598110094,0.49810008827566277,0.11328411004045508,0.6695412308015353,0.0036624591056764427,1
ax1wm_synth_q1s1_seed6,0.050725,task,1,24000,0,3955,3955,20045,20045,0,3955,20045,1.3064374531861567,,1.2640716726709664,1.2640716726709664,1.314796478476133,1.314796478476133,,1.2640716726709664,1.314796478476133,0.11326181169599295,0.6698929653155669,0.003435111143964281,1
ax1wm_synth_q1s1_seed6,0.095106,task,5,23904,0,3955,3955,19949,19949,0,3955,19949,3.3201905135756125,,3.24081997844741,3.24081997844741,3.3359261628027443,3.3359261628027443,,3.24081997844741,3.3359261628027443,0.114158237314318,0.6703637541169313,0.0038874057461022794,1
ax1wm_synth_q1s1_seed6,0.081497,task,20,23544,0,3949,3949,19595,19595,0,3949,19595,4.870408600693693,,4.802580865585704,4.802580865585704,4.884077992168121,4.884077992168121,,4.802580865585704,4.884077992168121,0.11505552619250096,0.6699255198338389,0.0032320199465380546,1
ax1wm_synth_q1s1_seed7,0.033202,task,0,24024,0,3955,3955,20069,20069,0,3955,20069,0.5127661328765046,,0.48503036441549385,0.48503036441549385,0.5182320237661003,0.5182320237661003,,0.48503036441549385,0.5182320237661003,0.11401173448338335,0.6691566441514248,0.004609267108969888,1
ax1wm_synth_q1s1_seed7,0.046188,task,1,24000,0,3955,3955,20045,20045,0,3955,20045,1.319687767559958,,1.2811115569293736,1.2811115569293736,1.3272990877417472,1.3272990877417472,,1.2811115569293736,1.3272990877417472,0.1139954017450412,0.6689344530611967,0.004502563233921492,1
ax1wm_synth_q1s1_seed7,0.069795,task,5,23904,0,3955,3955,19949,19949,0,3955,19949,3.3219254293832647,,3.2636782832949387,3.2636782832949387,3.3334732494634354,3.3334732494634354,,3.2636782832949387,3.3334732494634354,0.11488082269867421,0.6693333233352255,0.004957536317524237,1
ax1wm_synth_q1s1_seed7,0.140212,task,20,23544,0,3949,3949,19595,19595,0,3949,19595,4.911024318061079,,4.794330077312018,4.794330077312018,4.934541825421019,4.934541825421019,,4.794330077312018,4.934541825421019,0.115506651513519,0.6689856596070322,0.003963471979899016,1
ax1wm_synth_q1s1_seed8,0.000573,task,0,24024,0,3955,3955,20069,20069,0,3955,20069,0.5097505152364907,,0.5092716259936642,0.5092716259936642,0.5098448899913554,0.5098448899913554,,0.5092716259936642,0.5098448899913554,0.11565579013986425,0.669514489490374,0.006506796371800773,1
ax1wm_synth_q1s1_seed8,0.024461,task,1,24000,0,3955,3955,20045,20045,0,3955,20045,1.3143543775391033,,1.2939244293350431,1.2939244293350431,1.3183853301530748,1.3183853301530748,,1.2939244293350431,1.3183853301530748,0.11590385771046083,0.6688016406202738,0.006813773828779084,1
ax1wm_synth_q1s1_seed8,0.08193,task,5,23904,0,3955,3955,19949,19949,0,3955,19949,3.3331534754273466,,3.264779346180766,3.264779346180766,3.3467090261401755,3.3467090261401755,,3.264779346180766,3.3467090261401755,0.11740230026853132,0.6692766929848306,0.007990138095341515,1
ax1wm_synth_q1s1_seed8,0.150869,task,20,23544,0,3949,3949,19595,19595,0,3949,19595,4.934174411297594,,4.808610423024633,4.808610423024633,4.959479447770669,4.959479447770669,,4.808610423024633,4.959479447770669,0.11728851044265097,0.6714693222748657,0.005603895697796883,1
ax1wm_synth_q1s1_seed99,0.056616,task,0,24024,0,3955,3955,20069,20069,0,3955,20069,0.490307544258861,,0.4430121085017769,0.4430121085017769,0.49962806089742134,0.49962806089742134,,0.4430121085017769,0.49962806089742134,0.14274837747290656,0.6669484333353006,0.039444215783945046,1
ax1wm_synth_q1s1_seed99,0.063214,task,1,24000,0,3955,3955,20045,20045,0,3955,20045,1.3067350343480693,,1.2539379114633549,1.2539379114633549,1.3171522267156945,1.3171522267156945,,1.2539379114633549,1.3171522267156945,0.13717267493655283,0.666691854735542,0.032695331154811644,1
ax1wm_synth_q1s1_seed99,0.030618,task,5,23904,0,3955,3955,19949,19949,0,3955,19949,3.354347991759603,,3.3287954895489253,3.3287954895489253,3.3594139171815915,3.3594139171815915,,3.3287954895489253,3.3594139171815915,0.13321851355234382,0.6666009806350872,0.027472478296829767,1
ax1wm_synth_q1s1_seed99,0.106613,task,20,23544,0,3949,3949,19595,19595,0,3949,19595,4.8839327680956925,,4.79520194087501,4.79520194087501,4.901814780685358,4.901814780685358,,4.79520194087501,4.901814780685358,0.13454212571614216,0.6673684398353357,0.02716110430982959,1
ax1wm_synth_shq1s0_seed1,0.007072,task,0,24024,0,3955,3955,20069,20069,0,3955,20069,0.46997188240224846,,0.4640639757878312,0.4640639757878312,0.4711361541975556,0.4711361541975556,,0.4640639757878312,0.4711361541975556,0.6979538071881999,4.07185552105138,0.03305863162744051,1
ax1wm_synth_shq1s0_seed1,0.019984,task,1,24000,0,3955,3955,20045,20045,0,3955,20045,1.28098550972799,,1.2642949097521914,1.2642949097521914,1.2842786662709822,1.2842786662709822,,1.2642949097521914,1.2842786662709822,0.7042965477705002,4.11441219410613,0.03146006080330563,1
ax1wm_synth_shq1s0_seed1,0.081943,task,5,23904,0,3955,3955,19949,19949,0,3955,19949,3.283636147124043,,3.2152511952805662,3.2152511952805662,3.2971938434767902,3.2971938434767902,,3.2152511952805662,3.2971938434767902,0.7080263678268736,4.125207095923828,0.030551317467283883,1
ax1wm_synth_shq1s0_seed1,0.179737,task,20,23544,0,3949,3949,19595,19595,0,3949,19595,4.866817527039051,,4.717227216081613,4.717227216081613,4.8969646124164905,4.8969646124164905,,4.717227216081613,4.8969646124164905,0.7181149095833564,4.132467606786717,0.030016986579729545,1
ax1wm_synth_shq1s0_seed2,-0.012673,task,0,24024,0,3955,3955,20069,20069,0,3955,20069,0.4785459571654525,,0.4891328865420774,0.4891328865420774,0.4764595898484685,0.4764595898484685,,0.4891328865420774,0.4764595898484685,0.702329199015598,4.10406940709776,0.031947888389012226,1
ax1wm_synth_shq1s0_seed2,-0.004562,task,1,24000,0,3955,3955,20045,20045,0,3955,20045,1.2817646457067806,,1.2855745508309728,1.2855745508309728,1.2810129283325635,1.2810129283325635,,1.2855745508309728,1.2810129283325635,0.7106373691558838,4.15836485212883,0.03037983884119161,1
ax1wm_synth_shq1s0_seed2,0.05741,task,5,23904,0,3955,3955,19949,19949,0,3955,19949,3.296969596843441,,3.2490586324239485,3.2490586324239485,3.3064682115248343,3.3064682115248343,,3.2490586324239485,3.3064682115248343,0.7150220244504522,4.1710262121352475,0.029850007693052495,1
ax1wm_synth_shq1s0_seed2,0.106282,task,20,23544,0,3949,3949,19595,19595,0,3949,19595,4.851352881621698,,4.762897100266518,4.762897100266518,4.869179463942269,4.869179463942269,,4.762897100266518,4.869179463942269,0.7233019039779142,4.166509604448003,0.029388803229948853,1
ax1wm_synth_shq1s0_seed3,-0.06237,task,0,24024,0,3955,3955,20069,20069,0,3955,20069,0.5803398378761888,,0.6324416773421101,0.6324416773421101,0.5700721227390262,0.5700721227390262,,0.6324416773421101,0.5700721227390262,1.1091697358991797,6.611491488958279,0.024826593074487806,1
ax1wm_synth_shq1s0_seed3,0.063576,task,1,24000,0,3955,3955,20045,20045,0,3955,20045,2.0262508251201092,,1.9731519999704974,1.9731519999704974,2.036727545173325,2.036727545173325,,1.9731519999704974,2.036727545173325,1.1244458315173784,6.700595174908789,0.02423776700687575,1
ax1wm_synth_shq1s0_seed3,-0.032375,task,5,23904,0,3955,3955,19949,19949,0,3955,19949,4.55659075995372,,4.583609228608901,4.583609228608901,4.551234198545568,4.551234198545568,,4.583609228608901,4.551234198545568,1.1579449239425073,6.886367168709843,0.02225341168350609,1
ax1wm_synth_shq1s0_seed3,-0.527447,task,20,23544,0,3949,3949,19595,19595,0,3949,19595,5.498506265113693,,5.937485008455796,5.937485008455796,5.410038438757074,5.410038438757074,,5.937485008455796,5.410038438757074,1.2057805094352758,7.075275359651233,0.02289532630167983,1
ax1wm_synth_shq1s0_seed4,-0.106088,task,0,24024,0,3955,3955,20069,20069,0,3955,20069,0.5011774876282135,,0.5898005723032484,0.5898005723032484,0.4837125267487595,0.4837125267487595,,0.5898005723032484,0.4837125267487595,0.7229143670309475,4.233030296185827,0.03117544133422371,1
ax1wm_synth_shq1s0_seed4,-0.095008,task,1,24000,0,3955,3955,20045,20045,0,3955,20045,1.3132420109877423,,1.3925935424387716,1.3925935424387716,1.2975854728541019,1.2975854728541019,,1.3925935424387716,1.2975854728541019,0.7265390323698521,4.258451701235379,0.029671254601672453,1
ax1wm_synth_shq1s0_seed4,-0.165038,task,5,23904,0,3955,3955,19949,19949,0,3955,19949,3.348838687057257,,3.486570614366144,3.486570614366144,3.32153256782789,3.32153256782789,,3.486570614366144,3.32153256782789,0.723970964830244,4.229006944383894,0.029078123127167024,1
ax1wm_synth_shq1s0_seed4,-0.400047,task,20,23544,0,3949,3949,19595,19595,0,3949,19595,4.976666665417333,,5.309614076923394,5.309614076923394,4.909567439694576,4.909567439694576,,5.309614076923394,4.909567439694576,0.7250684061768993,4.179954146638524,0.028801818318621303,1
ax1wm_synth_shq1s0_seed5,-0.00932,task,0,24024,0,3955,3955,20069,20069,0,3955,20069,0.4911703360377394,,0.49895564218682353,0.49895564218682353,0.4896360849131379,0.4896360849131379,,0.49895564218682353,0.4896360849131379,0.6650021744670568,3.887642676112926,0.029916062353378313,1
ax1wm_synth_shq1s0_seed5,0.118448,task,1,24000,0,3955,3955,20045,20045,0,3955,20045,1.628013235558946,,1.529084359720969,1.529084359720969,1.6475325024055014,1.6475325024055014,,1.529084359720969,1.6475325024055014,0.6702082202285529,3.9226182807109753,0.02848800126083119,1
ax1wm_synth_shq1s0_seed5,0.17768,task,5,23904,0,3955,3955,19949,19949,0,3955,19949,4.186873607553389,,4.038591396966424,4.038591396966424,4.216271379014186,4.216271379014186,,4.038591396966424,4.216271379014186,0.6558430736542865,3.8165731071370894,0.029210797228175683,1
ax1wm_synth_shq1s0_seed5,-0.118397,task,20,23544,0,3949,3949,19595,19595,0,3949,19595,5.374173146697156,,5.472711220696287,5.472711220696287,5.354314669829456,5.354314669829456,,5.472711220696287,5.354314669829456,0.6324638711314521,3.6193214122721984,0.030519475624189597,1
ax1wm_synth_shq1s0_seed6,-0.258277,task,0,24024,0,3955,3955,20069,20069,0,3955,20069,0.6809681318066186,,0.8967255672763209,0.8967255672763209,0.6384487906694083,0.6384487906694083,,0.8967255672763209,0.6384487906694083,0.8928252131818654,5.255443152871957,0.0330836240905147,1
ax1wm_synth_shq1s0_seed6,-0.381205,task,1,24000,0,3955,3955,20045,20045,0,3955,20045,2.0270355042086434,,2.3454210125429755,2.3454210125429755,1.9642161135644784,1.9642161135644784,,2.3454210125429755,1.9642161135644784,0.9069701717048884,5.350404514931848,0.030253642522417478,1
ax1wm_synth_shq1s0_seed6,-0.50274,task,5,23904,0,3955,3955,19949,19949,0,3955,19949,4.624527947296913,,5.044088246828193,5.044088246828193,4.541347788660079,4.541347788660079,,5.044088246828193,4.541347788660079,0.9229323672881248,5.432184689988379,0.02894806049181899,1
ax1wm_synth_shq1s0_seed6,-0.474527,task,20,23544,0,3949,3949,19595,19595,0,3949,19595,5.550524917398973,,5.945460108037623,5.945460108037623,5.470933232385855,5.470933232385855,,5.945460108037623,5.470933232385855,0.8426753156066873,4.881705518522333,0.028685508445988932,1
ax1wm_synth_shq1s0_seed7,0.025507,task,0,24024,0,3955,3955,20069,20069,0,3955,20069,0.4933037352030555,,0.47199618434660184,0.47199618434660184,0.49750281655425754,0.49750281655425754,,0.47199618434660184,0.49750281655425754,0.8808458397512907,5.201609400732328,0.02935249759772058,1
ax1wm_synth_shq1s0_seed7,0.124707,task,1,24000,0,3955,3955,20045,20045,0,3955,20045,1.7296463259475998,,1.6254903842616706,1.6254903842616706,1.750196924569094,1.750196924569094,,1.6254903842616706,1.750196924569094,0.885538992514213,5.237505673970344,0.026869587417730045,1
ax1wm_synth_shq1s0_seed7,0.046859,task,5,23904,0,3955,3955,19949,19949,0,3955,19949,4.420542486091268,,4.38143686028014,4.38143686028014,4.428295393509334,4.428295393509334,,4.38143686028014,4.428295393509334,0.8591632892039806,5.058810088863566,0.02655999617407128,1
ax1wm_synth_shq1s0_seed7,-0.400871,task,20,23544,0,3949,3949,19595,19595,0,3949,19595,5.473773511578215,,5.807406901148925,5.807406901148925,5.406536040008186,5.406536040008186,,5.807406901148925,5.406536040008186,0.8828731208654881,5.126004888682946,0.02775052065568239,1
ax1wm_synth_shq1s0_seed8,-0.035565,task,0,24024,0,3955,3955,20069,20069,0,3955,20069,0.4875322830315883,,0.5172421893613234,0.5172421893613234,0.48167734857874545,0.48167734857874545,,0.5172421893613234,0.48167734857874545,0.681524763008455,3.998182255037214,0.027910712434248905,1
ax1wm_synth_shq1s0_seed8,-0.021657,task,1,24000,0,3955,3955,20045,20045,0,3955,20045,1.2920379941789588,,1.3101258884065028,1.3101258884065028,1.2884691430105908,1.2884691430105908,,1.3101258884065028,1.2884691430105908,0.6886000625689824,4.043700206445532,0.026618467705836764,1
ax1wm_synth_shq1s0_seed8,0.079542,task,5,23904,0,3955,3955,19949,19949,0,3955,19949,3.323107049578378,,3.2567258141413773,3.2567258141413773,3.336267498029596,3.336267498029596,,3.2567258141413773,3.336267498029596,0.6892744845036203,4.030534139445097,0.02685120838484051,1
ax1wm_synth_shq1s0_seed8,-0.021878,task,20,23544,0,3949,3949,19595,19595,0,3949,19595,4.908144276043591,,4.926352779095609,4.926352779095609,4.904474698163907,4.904474698163907,,4.926352779095609,4.904474698163907,0.6995791035811593,4.036509136575239,0.027084247735605825,1
ax1wm_synth_shq1s1_seed1,0.335857,task,0,24024,0,3955,3955,20069,20069,0,3955,20069,0.7206973521439397,,0.44013185445667014,0.44013185445667014,0.7759884251098647,0.7759884251098647,,0.44013185445667014,0.7759884251098647,0.6658033383299996,1.9612566362590766,0.41050821683368693,1
ax1wm_synth_shq1s1_seed1,0.704794,task,1,24000,0,3955,3955,20045,20045,0,3955,20045,1.930852357466915,,1.3422022873174704,1.3422022873174704,2.0469965843285287,2.0469965843285287,,1.3422022873174704,2.0469965843285287,0.6619701430809994,1.9645511609715245,0.4049630128361989,1
ax1wm_synth_shq1s1_seed1,0.717541,task,5,23904,0,3955,3955,19949,19949,0,3955,19949,4.251582997293258,,3.652761587719164,3.652761587719164,4.370302666192228,4.370302666192228,,3.652761587719164,4.370302666192228,0.6586988354226452,1.9743321410171903,0.39786722864403845,1
ax1wm_synth_shq1s1_seed1,0.087291,task,20,23544,0,3949,3949,19595,19595,0,3949,19595,5.246216674777537,,5.173566539147881,5.173566539147881,5.260857929465035,5.260857929465035,,5.173566539147881,5.260857929465035,0.6615548347051132,1.972231432497426,0.3974128655965732,1
ax1wm_synth_shq1s1_seed2,0.466691,task,0,24024,0,3955,3955,20069,20069,0,3955,20069,0.923442001416893,,0.5335808540767953,0.5335808540767953,1.0002719798777078,1.0002719798777078,,0.5335808540767953,1.0002719798777078,0.7237754950670156,1.999938570955761,0.47228189971398404,1
ax1wm_synth_shq1s1_seed2,0.878194,task,1,24000,0,3955,3955,20045,20045,0,3955,20045,2.475010639702937,,1.7415352809709848,1.7415352809709848,2.6197297738403713,2.6197297738403713,,1.7415352809709848,2.6197297738403713,0.7243563915019234,2.0099157207985745,0.47070774359130957,1
ax1wm_synth_shq1s1_seed2,0.419212,task,5,23904,0,3955,3955,19949,19949,0,3955,19949,4.637672609430851,,4.287820349151407,4.287820349151407,4.707032762290904,4.707032762290904,,4.287820349151407,4.707032762290904,0.7188294488772091,2.034578286003976,0.457974937330948,1
ax1wm_synth_shq1s1_seed2,-0.028696,task,20,23544,0,3949,3949,19595,19595,0,3949,19595,5.29940613684208,,5.323289114298512,5.323289114298512,5.294592976445273,5.294592976445273,,5.323289114298512,5.294592976445273,0.705471968168796,1.9993696598108281,0.4447114688427237,1
ax1wm_synth_shq1s1_seed3,0.430162,task,0,24024,0,3955,3955,20069,20069,0,3955,20069,0.892600171901711,,0.5332541929343568,0.5332541929343568,0.9634165228317966,0.9634165228317966,,0.5332541929343568,0.9634165228317966,0.6976822148754205,2.129326746858628,0.41554787215811595,1
ax1wm_synth_shq1s1_seed3,0.757851,task,1,24000,0,3955,3955,20045,20045,0,3955,20045,2.4387656145338528,,1.8058022088158663,1.8058022088158663,2.563653131102305,2.563653131102305,,1.8058022088158663,2.563653131102305,0.6956232741648952,2.12674241833078,0.4132547924898604,1
ax1wm_synth_shq1s1_seed3,0.286151,task,5,23904,0,3955,3955,19949,19949,0,3955,19949,4.675485796701289,,4.436679373644356,4.436679373644356,4.722830495843611,4.722830495843611,,4.436679373644356,4.722830495843611,0.6883023922422644,2.1290643534678426,0.4026633348134629,1
ax1wm_synth_shq1s1_seed3,-0.170718,task,20,23544,0,3949,3949,19595,19595,0,3949,19595,5.323804316089574,,5.465888431160564,5.465888431160564,5.295169961896395,5.295169961896395,,5.465888431160564,5.295169961896395,0.7030817764477992,2.1536175042322903,0.4107538566202435,1
ax1wm_synth_shq1s1_seed4,0.438008,task,0,24024,0,3955,3955,20069,20069,0,3955,20069,0.8973687214304109,,0.5314686928654798,0.5314686928654798,0.9694766796233603,0.9694766796233603,,0.5314686928654798,0.9694766796233603,0.6950289734040365,2.090478118542021,0.42002765948601717,1
ax1wm_synth_shq1s1_seed4,0.809023,task,1,24000,0,3955,3955,20045,20045,0,3955,20045,2.3724514041017777,,1.6967489266986846,1.6967489266986846,2.5057715985706848,2.5057715985706848,,1.6967489266986846,2.5057715985706848,0.6940753886625171,2.1049757606763153,0.4156961932863848,1
ax1wm_synth_shq1s1_seed4,0.431418,task,5,23904,0,3955,3955,19949,19949,0,3955,19949,4.612829140708158,,4.252790402427993,4.252790402427993,4.684208819383683,4.684208819383683,,4.252790402427993,4.684208819383683,0.6880407235404374,2.1085527552666163,0.4064163270555491,1
ax1wm_synth_shq1s1_seed4,-0.028168,task,20,23544,0,3949,3949,19595,19595,0,3949,19595,5.337159231208109,,5.360602770039775,5.360602770039775,5.332434631318022,5.332434631318022,,5.360602770039775,5.332434631318022,0.6974055543845704,2.08932083164417,0.4168914727362847,1
ax1wm_synth_shq1s1_seed5,0.467945,task,0,24024,0,3955,3955,20069,20069,0,3955,20069,0.9496848159699782,,0.5587759963814642,0.5587759963814642,1.0267212593140695,1.0267212593140695,,0.5587759963814642,1.0267212593140695,0.7142831198461763,2.201890787312716,0.4211201159680476,1
ax1wm_synth_shq1s1_seed5,0.788015,task,1,24000,0,3955,3955,20045,20045,0,3955,20045,2.5383972602202243,,1.8802402869067838,1.8802402869067838,2.6682556203825922,2.6682556203825922,,1.8802402869067838,2.6682556203825922,0.7140057206948598,2.218321237521889,0.41719515102407406,1
ax1wm_synth_shq1s1_seed5,0.297579,task,5,23904,0,3955,3955,19949,19949,0,3955,19949,4.67223586378902,,4.423892500937407,4.423892500937407,4.721471314191452,4.721471314191452,,4.423892500937407,4.721471314191452,0.713605644849629,2.2423946713979266,0.41051473302454916,1
ax1wm_synth_shq1s1_seed5,-0.087776,task,20,23544,0,3949,3949,19595,19595,0,3949,19595,5.3124034641088596,,5.385456875471341,5.385456875471341,5.297680936858518,5.297680936858518,,5.385456875471341,5.297680936858518,0.7107195050952145,2.1427064439138905,0.42212974130879194,1
ax1wm_synth_shq1s1_seed6,0.457957,task,0,24024,0,3955,3955,20069,20069,0,3955,20069,0.9429879502992453,,0.560422767731456,0.560422767731456,1.0183801121934906,1.0183801121934906,,0.560422767731456,1.0183801121934906,0.7513199167383777,2.1045000963054323,0.4846485524358364,1
ax1wm_synth_shq1s1_seed6,0.799433,task,1,24000,0,3955,3955,20045,20045,0,3955,20045,2.488629788950031,,1.8209370837411718,1.8209370837411718,2.6203696068148874,2.6203696068148874,,1.8209370837411718,2.6203696068148874,0.7480120418916146,2.0971816908092475,0.48181269235461094,1
ax1wm_synth_shq1s1_seed6,0.431957,task,5,23904,0,3955,3955,19949,19949,0,3955,19949,4.663885529126877,,4.303397344831996,4.303397344831996,4.7353543129699895,4.7353543129699895,,4.303397344831996,4.7353543129699895,0.7480074836582026,2.124018757065991,0.4752056095628692,1
ax1wm_synth_shq1s1_seed6,0.062108,task,20,23544,0,3949,3949,19595,19595,0,3949,19595,5.376211475034831,,5.32452115425378,5.32452115425378,5.386628677217244,5.386628677217244,,5.32452115425378,5.386628677217244,0.7473835045591407,2.104591009887933,0.4738641149932616,1
ax1wm_synth_shq1s1_seed7,0.446796,task,0,24024,0,3955,3955,20069,20069,0,3955,20069,0.9340431731259505,,0.5608015283581811,0.5608015283581811,1.0075979444178198,1.0075979444178198,,0.5608015283581811,1.0075979444178198,0.746912523980066,2.156374785857918,0.4691496436309254,1
ax1wm_synth_shq1s1_seed7,0.750161,task,1,24000,0,3955,3955,20045,20045,0,3955,20045,2.5219999851110213,,1.8954588740389762,1.8954588740389762,2.6456203440179777,2.6456203440179777,,1.8954588740389762,2.6456203440179777,0.7420657221848767,2.1555484577617814,0.46317701082510315,1
ax1wm_synth_shq1s1_seed7,0.415965,task,5,23904,0,3955,3955,19949,19949,0,3955,19949,4.738547838875504,,4.391406011762512,4.391406011762512,4.807370633312913,4.807370633312913,,4.391406011762512,4.807370633312913,0.7331156614005885,2.1595232990538578,0.4503224283102742,1
ax1wm_synth_shq1s1_seed7,-0.029396,task,20,23544,0,3949,3949,19595,19595,0,3949,19595,5.376962920540852,,5.401428375360459,5.401428375360459,5.372032372896932,5.372032372896932,,5.401428375360459,5.372032372896932,0.7409894548703366,2.1832561838261597,0.45032799466893086,1
ax1wm_synth_shq1s1_seed8,0.43112,task,0,24024,0,3955,3955,20069,20069,0,3955,20069,0.8964723864145567,,0.5363265064130042,0.5363265064130042,0.9674463739279426,0.9674463739279426,,0.5363265064130042,0.9674463739279426,0.7530503335731092,2.0833345259637506,0.4908910839390972,1
ax1wm_synth_shq1s1_seed8,0.765607,task,1,24000,0,3955,3955,20045,20045,0,3955,20045,2.5156486778800886,,1.876207107334855,1.876207107334855,2.641814375635459,2.641814375635459,,1.876207107334855,2.641814375635459,0.7474524148305257,2.089509374950689,0.482656441905844,1
ax1wm_synth_shq1s1_seed8,0.313879,task,5,23904,0,3955,3955,19949,19949,0,3955,19949,4.597152815645479,,4.335206170219609,4.335206170219609,4.649085192339013,4.649085192339013,,4.335206170219609,4.649085192339013,0.7398348304541554,2.0672620477778874,0.4766650151994881,1
ax1wm_synth_shq1s1_seed8,-0.015086,task,20,23544,0,3949,3949,19595,19595,0,3949,19595,5.260285107459718,,5.27284101880136,5.27284101880136,5.257754702055884,5.257754702055884,,5.27284101880136,5.257754702055884,0.7565183934840749,2.1166526239471937,0.482409178066935,1
