run_id,mode,domain,seed,milestone,auc50k,n_ep_50k,auc100k,n_ep_100k,auc125k,n_ep_125k,final10,qc_pass
adapt_apt_cup_seed1_ckpt100000,apt,cup,1,100000,230.0208,48,574.0208,96,627.8839,112,957.0,1
adapt_apt_cup_seed1_ckpt200000,apt,cup,1,200000,362.8125,48,651.2188,96,695.0893,112,967.3,1
adapt_apt_cup_seed1_ckpt300000,apt,cup,1,300000,141.4167,48,458.2604,96,527.3214,112,919.9,1
adapt_apt_cup_seed1_ckpt400000,apt,cup,1,400000,352.7708,48,661.2708,96,705.3125,112,966.5,1
adapt_apt_cup_seed1_ckpt500000,apt,cup,1,500000,389.1667,48,676.8229,96,717.2768,112,962.8,1
adapt_apt_cup_seed2_ckpt100000,apt,cup,2,100000,110.8125,48,509.9479,96,567.8571,112,931.7,1
adapt_apt_cup_seed2_ckpt200000,apt,cup,2,200000,118.4792,48,513.2188,96,577.0446,112,957.6,1
adapt_apt_cup_seed2_ckpt300000,apt,cup,2,300000,134.75,48,168.0,96,221.1696,112,479.1,1
adapt_apt_cup_seed2_ckpt400000,apt,cup,2,400000,749.9792,48,862.2604,96,878.3571,112,975.6,1
adapt_apt_cup_seed2_ckpt500000,apt,cup,2,500000,563.7083,48,767.0,96,796.8482,112,982.6,1
adapt_apt_cup_seed3_ckpt100000,apt,cup,3,100000,79.9375,48,158.6458,96,169.8571,112,287.0,1
adapt_apt_cup_seed3_ckpt200000,apt,cup,3,200000,499.4167,48,730.7396,96,762.6429,112,942.0,1
adapt_apt_cup_seed3_ckpt300000,apt,cup,3,300000,667.8333,48,812.625,96,831.1071,112,966.6,1
adapt_apt_cup_seed3_ckpt400000,apt,cup,3,400000,639.0833,48,806.5104,96,831.0179,112,982.2,1
adapt_apt_cup_seed3_ckpt500000,apt,cup,3,500000,119.0625,48,240.5417,96,336.2589,112,884.7,1
adapt_apt_cup_seed4_ckpt100000,apt,cup,4,100000,99.9792,48,79.6979,96,85.4196,112,96.7,1
adapt_apt_cup_seed4_ckpt200000,apt,cup,4,200000,563.0625,48,731.8646,96,756.4375,112,861.8,1
adapt_apt_cup_seed4_ckpt300000,apt,cup,4,300000,348.5,48,654.9896,96,699.6429,112,969.0,1
adapt_apt_cup_seed4_ckpt400000,apt,cup,4,400000,712.6875,48,839.3229,96,857.1071,112,960.4,1
adapt_apt_cup_seed4_ckpt500000,apt,cup,4,500000,181.3333,48,281.2812,96,352.2679,112,765.5,1
adapt_apt_cup_seed5_ckpt100000,apt,cup,5,100000,189.7292,48,554.9792,96,612.6161,112,960.8,1
adapt_apt_cup_seed5_ckpt200000,apt,cup,5,200000,81.8125,48,399.6562,96,478.9821,112,966.3,1
adapt_apt_cup_seed5_ckpt300000,apt,cup,5,300000,675.6042,48,796.9375,96,818.1429,112,949.5,1
adapt_apt_cup_seed5_ckpt400000,apt,cup,5,400000,157.0833,48,259.6354,96,300.2054,112,675.7,1
adapt_apt_cup_seed5_ckpt500000,apt,cup,5,500000,103.4792,48,252.2917,96,250.3571,112,286.1,1
adapt_apt_finger_seed1_ckpt100000,apt,finger,1,100000,70.625,48,87.5625,96,86.5714,112,43.3,1
adapt_apt_finger_seed1_ckpt200000,apt,finger,1,200000,44.7083,48,56.4375,96,63.25,112,72.1,1
adapt_apt_finger_seed1_ckpt300000,apt,finger,1,300000,126.4583,48,104.6458,96,89.6964,112,0.0,1
adapt_apt_finger_seed1_ckpt400000,apt,finger,1,400000,95.4375,48,83.4375,96,83.9196,112,6.1,1
adapt_apt_finger_seed1_ckpt500000,apt,finger,1,500000,126.7708,48,110.8958,96,117.4286,112,205.3,1
adapt_apt_finger_seed2_ckpt100000,apt,finger,2,100000,84.4167,48,74.9479,96,73.1696,112,0.0,1
adapt_apt_finger_seed2_ckpt200000,apt,finger,2,200000,43.0625,48,112.5521,96,97.9018,112,0.0,1
adapt_apt_finger_seed2_ckpt300000,apt,finger,2,300000,121.2292,48,131.4896,96,129.5089,112,188.2,1
adapt_apt_finger_seed2_ckpt400000,apt,finger,2,400000,114.2917,48,126.6667,96,121.7143,112,54.4,1
adapt_apt_finger_seed2_ckpt500000,apt,finger,2,500000,65.6042,48,43.5833,96,55.2143,112,100.0,1
adapt_apt_finger_seed3_ckpt100000,apt,finger,3,100000,62.2083,48,52.0833,96,58.7589,112,25.5,1
adapt_apt_finger_seed3_ckpt200000,apt,finger,3,200000,80.5833,48,120.4583,96,103.8839,112,3.7,1
adapt_apt_finger_seed3_ckpt300000,apt,finger,3,300000,103.5833,48,72.8229,96,62.4196,112,0.0,1
adapt_apt_finger_seed3_ckpt400000,apt,finger,3,400000,76.4375,48,62.0312,96,63.0089,112,81.1,1
adapt_apt_finger_seed3_ckpt500000,apt,finger,3,500000,133.6458,48,117.7188,96,117.5982,112,103.5,1
adapt_apt_finger_seed4_ckpt100000,apt,finger,4,100000,95.8333,48,110.7083,96,94.9464,112,0.0,1
adapt_apt_finger_seed4_ckpt200000,apt,finger,4,200000,42.1458,48,83.9792,96,80.9286,112,100.0,1
adapt_apt_finger_seed4_ckpt300000,apt,finger,4,300000,43.6667,48,54.6875,96,60.0714,112,128.7,1
adapt_apt_finger_seed4_ckpt400000,apt,finger,4,400000,40.0625,48,30.0,96,27.2054,112,15.3,1
adapt_apt_finger_seed4_ckpt500000,apt,finger,4,500000,102.0,48,64.5104,96,68.3929,112,146.7,1
adapt_apt_finger_seed5_ckpt100000,apt,finger,5,100000,137.3958,48,79.2396,96,85.6518,112,198.6,1
adapt_apt_finger_seed5_ckpt200000,apt,finger,5,200000,118.0417,48,126.5,96,116.4732,112,86.0,1
adapt_apt_finger_seed5_ckpt300000,apt,finger,5,300000,56.125,48,86.0,96,105.375,112,264.4,1
adapt_apt_finger_seed5_ckpt400000,apt,finger,5,400000,39.6875,48,69.4792,96,91.1964,112,166.2,1
adapt_apt_finger_seed5_ckpt500000,apt,finger,5,500000,102.5417,48,104.7396,96,112.0357,112,198.0,1
adapt_apt_reacher_seed1_ckpt100000,apt,reacher,1,100000,26.6667,48,224.3542,96,269.6607,112,474.4,1
adapt_apt_reacher_seed1_ckpt200000,apt,reacher,1,200000,18.8958,48,19.7708,96,33.3839,112,102.0,1
adapt_apt_reacher_seed1_ckpt300000,apt,reacher,1,300000,38.9792,48,59.2188,96,57.2321,112,13.1,1
adapt_apt_reacher_seed1_ckpt400000,apt,reacher,1,400000,29.0,48,46.0417,96,54.1875,112,117.1,1
adapt_apt_reacher_seed1_ckpt500000,apt,reacher,1,500000,27.3542,48,48.7188,96,48.1875,112,66.4,1
adapt_apt_reacher_seed2_ckpt100000,apt,reacher,2,100000,20.9375,48,27.3021,96,56.3214,112,288.3,1
adapt_apt_reacher_seed2_ckpt200000,apt,reacher,2,200000,27.4792,48,115.3438,96,141.2679,112,277.4,1
adapt_apt_reacher_seed2_ckpt300000,apt,reacher,2,300000,20.4375,48,43.2708,96,55.5804,112,94.9,1
adapt_apt_reacher_seed2_ckpt400000,apt,reacher,2,400000,44.4167,48,101.5,96,124.4911,112,311.8,1
adapt_apt_reacher_seed2_ckpt500000,apt,reacher,2,500000,20.5625,48,36.4479,96,48.6696,112,139.4,1
adapt_apt_reacher_seed3_ckpt100000,apt,reacher,3,100000,36.0417,48,75.0104,96,105.6875,112,272.0,1
adapt_apt_reacher_seed3_ckpt200000,apt,reacher,3,200000,51.5208,48,176.5833,96,183.9554,112,173.9,1
adapt_apt_reacher_seed3_ckpt300000,apt,reacher,3,300000,11.6042,48,77.8646,96,81.0982,112,68.9,1
adapt_apt_reacher_seed3_ckpt400000,apt,reacher,3,400000,103.5833,48,236.3958,96,231.0268,112,250.6,1
adapt_apt_reacher_seed3_ckpt500000,apt,reacher,3,500000,13.2708,48,46.6771,96,70.4196,112,188.5,1
adapt_apt_reacher_seed4_ckpt100000,apt,reacher,4,100000,48.8333,48,102.2292,96,118.9375,112,204.1,1
adapt_apt_reacher_seed4_ckpt200000,apt,reacher,4,200000,65.9375,48,201.2292,96,234.4196,112,525.4,1
adapt_apt_reacher_seed4_ckpt300000,apt,reacher,4,300000,26.0208,48,34.3438,96,37.5625,112,68.7,1
adapt_apt_reacher_seed4_ckpt400000,apt,reacher,4,400000,98.2917,48,206.9479,96,226.9018,112,514.0,1
adapt_apt_reacher_seed4_ckpt500000,apt,reacher,4,500000,18.5833,48,112.4688,96,115.4554,112,109.9,1
adapt_apt_reacher_seed5_ckpt100000,apt,reacher,5,100000,18.0208,48,35.7604,96,56.3393,112,239.7,1
adapt_apt_reacher_seed5_ckpt200000,apt,reacher,5,200000,27.9583,48,118.125,96,186.0804,112,645.8,1
adapt_apt_reacher_seed5_ckpt300000,apt,reacher,5,300000,34.9792,48,60.2188,96,93.3482,112,294.9,1
adapt_apt_reacher_seed5_ckpt400000,apt,reacher,5,400000,42.7708,48,169.9375,96,220.8839,112,508.9,1
adapt_apt_reacher_seed5_ckpt500000,apt,reacher,5,500000,14.3958,48,76.9375,96,108.6875,112,292.0,1
adapt_apt_walker_seed1_ckpt100000,apt,walker,1,100000,68.7285,48,80.2881,96,82.0723,112,83.5637,1
adapt_apt_walker_seed1_ckpt200000,apt,walker,1,200000,138.7448,48,125.8028,96,128.4347,112,145.387,1
adapt_apt_walker_seed1_ckpt300000,apt,walker,1,300000,149.879,48,149.3229,96,148.3383,112,146.7522,1
adapt_apt_walker_seed1_ckpt400000,apt,walker,1,400000,147.7613,48,256.752,96,282.6738,112,441.335,1
adapt_apt_walker_seed1_ckpt500000,apt,walker,1,500000,172.5356,48,317.2988,96,343.1509,112,498.505,1
adapt_apt_walker_seed2_ckpt100000,apt,walker,2,100000,81.8859,48,78.2629,96,78.195,112,72.1933,1
adapt_apt_walker_seed2_ckpt200000,apt,walker,2,200000,66.9537,48,81.7844,96,81.8353,112,78.0444,1
adapt_apt_walker_seed2_ckpt300000,apt,walker,2,300000,145.343,48,160.2644,96,157.1474,112,141.8457,1
adapt_apt_walker_seed2_ckpt400000,apt,walker,2,400000,141.4831,48,220.4971,96,247.838,112,420.8413,1
adapt_apt_walker_seed2_ckpt500000,apt,walker,2,500000,328.5234,48,467.6054,96,492.7369,112,644.6656,1
adapt_apt_walker_seed3_ckpt100000,apt,walker,3,100000,70.3217,48,74.7067,96,74.8216,112,91.037,1
adapt_apt_walker_seed3_ckpt200000,apt,walker,3,200000,130.7179,48,144.6872,96,144.663,112,136.3371,1
adapt_apt_walker_seed3_ckpt300000,apt,walker,3,300000,128.0496,48,148.8711,96,150.744,112,139.634,1
adapt_apt_walker_seed3_ckpt400000,apt,walker,3,400000,200.887,48,323.1883,96,355.8631,112,565.9383,1
adapt_apt_walker_seed3_ckpt500000,apt,walker,3,500000,244.4586,48,330.6898,96,344.3709,112,440.1296,1
adapt_apt_walker_seed4_ckpt100000,apt,walker,4,100000,92.0397,48,96.5047,96,95.4464,112,97.5808,1
adapt_apt_walker_seed4_ckpt200000,apt,walker,4,200000,115.4209,48,120.0266,96,119.7559,112,104.691,1
adapt_apt_walker_seed4_ckpt300000,apt,walker,4,300000,143.4254,48,119.2455,96,114.8771,112,101.6282,1
adapt_apt_walker_seed4_ckpt400000,apt,walker,4,400000,152.5604,48,227.8573,96,242.2598,112,322.4689,1
adapt_apt_walker_seed4_ckpt500000,apt,walker,4,500000,153.5125,48,231.7745,96,260.0623,112,449.513,1
adapt_apt_walker_seed5_ckpt100000,apt,walker,5,100000,83.702,48,87.6522,96,92.4929,112,121.4516,1
adapt_apt_walker_seed5_ckpt200000,apt,walker,5,200000,67.6104,48,71.444,96,72.5421,112,80.111,1
adapt_apt_walker_seed5_ckpt300000,apt,walker,5,300000,180.101,48,243.0203,96,256.5932,112,340.4998,1
adapt_apt_walker_seed5_ckpt400000,apt,walker,5,400000,208.6143,48,260.2326,96,269.1594,112,307.8253,1
adapt_apt_walker_seed5_ckpt500000,apt,walker,5,500000,220.4041,48,315.7256,96,334.8388,112,446.7136,1
adapt_ax1q1s0_cup_seed10_ckpt500000,ax1q1s0,cup,10,500000,226.1458,48,567.6875,96,624.9375,112,969.2,1
adapt_ax1q1s0_cup_seed11_ckpt500000,ax1q1s0,cup,11,500000,65.5208,48,143.3438,96,131.4643,112,96.3,1
adapt_ax1q1s0_cup_seed12_ckpt500000,ax1q1s0,cup,12,500000,438.5,48,663.25,96,698.7679,112,879.6,1
adapt_ax1q1s0_cup_seed13_ckpt500000,ax1q1s0,cup,13,500000,465.2292,48,716.1875,96,752.0179,112,977.1,1
adapt_ax1q1s0_cup_seed14_ckpt500000,ax1q1s0,cup,14,500000,499.25,48,722.8125,96,755.7946,112,971.9,1
adapt_ax1q1s0_cup_seed15_ckpt500000,ax1q1s0,cup,15,500000,474.8958,48,722.2292,96,757.8036,112,971.7,1
adapt_ax1q1s0_cup_seed16_ckpt500000,ax1q1s0,cup,16,500000,102.2292,48,133.6667,96,114.5714,112,0.0,1
adapt_ax1q1s0_cup_seed1_ckpt500000,ax1q1s0,cup,1,500000,61.25,48,320.6771,96,407.5714,112,910.0,1
adapt_ax1q1s0_cup_seed2_ckpt500000,ax1q1s0,cup,2,500000,501.5833,48,733.3021,96,767.2679,112,972.8,1
adapt_ax1q1s0_cup_seed3_ckpt500000,ax1q1s0,cup,3,500000,558.4583,48,757.3958,96,787.2679,112,961.5,1
adapt_ax1q1s0_cup_seed4_ckpt500000,ax1q1s0,cup,4,500000,142.6042,48,520.8021,96,577.5625,112,913.9,1
adapt_ax1q1s0_cup_seed5_ckpt500000,ax1q1s0,cup,5,500000,484.0,48,724.3333,96,758.7857,112,966.6,1
adapt_ax1q1s0_cup_seed6_ckpt500000,ax1q1s0,cup,6,500000,358.9167,48,657.7708,96,701.5536,112,968.1,1
adapt_ax1q1s0_cup_seed7_ckpt500000,ax1q1s0,cup,7,500000,533.375,48,752.6562,96,784.8304,112,978.8,1
adapt_ax1q1s0_cup_seed8_ckpt500000,ax1q1s0,cup,8,500000,486.2083,48,726.4688,96,761.125,112,967.8,1
adapt_ax1q1s0_cup_seed9_ckpt500000,ax1q1s0,cup,9,500000,292.9375,48,536.0104,96,589.1875,112,878.3,1
adapt_ax1q1s0_finger_seed10_ckpt500000,ax1q1s0,finger,10,500000,103.9167,48,119.8021,96,120.1071,112,100.0,1
adapt_ax1q1s0_finger_seed11_ckpt500000,ax1q1s0,finger,11,500000,53.7708,48,78.0208,96,83.8929,112,94.9,1
adapt_ax1q1s0_finger_seed12_ckpt500000,ax1q1s0,finger,12,500000,104.5625,48,141.4896,96,130.0982,112,1.0,1
adapt_ax1q1s0_finger_seed13_ckpt500000,ax1q1s0,finger,13,500000,106.6042,48,127.4792,96,123.1875,112,90.2,1
adapt_ax1q1s0_finger_seed14_ckpt500000,ax1q1s0,finger,14,500000,134.0,48,111.4583,96,97.5357,112,18.4,1
adapt_ax1q1s0_finger_seed15_ckpt500000,ax1q1s0,finger,15,500000,60.0833,48,151.0312,96,165.4732,112,303.4,1
adapt_ax1q1s0_finger_seed16_ckpt500000,ax1q1s0,finger,16,500000,109.3958,48,95.3438,96,125.1339,112,291.3,1
adapt_ax1q1s0_finger_seed1_ckpt500000,ax1q1s0,finger,1,500000,165.1667,48,150.9375,96,163.9375,112,287.1,1
adapt_ax1q1s0_finger_seed2_ckpt500000,ax1q1s0,finger,2,500000,30.4583,48,87.3854,96,75.4375,112,5.0,1
adapt_ax1q1s0_finger_seed3_ckpt500000,ax1q1s0,finger,3,500000,29.1875,48,50.5729,96,44.3661,112,7.5,1
adapt_ax1q1s0_finger_seed4_ckpt500000,ax1q1s0,finger,4,500000,67.3125,48,118.2396,96,122.8036,112,240.3,1
adapt_ax1q1s0_finger_seed5_ckpt500000,ax1q1s0,finger,5,500000,94.8542,48,96.3958,96,87.9018,112,19.5,1
adapt_ax1q1s0_finger_seed6_ckpt500000,ax1q1s0,finger,6,500000,135.1667,48,109.375,96,93.8482,112,0.0,1
adapt_ax1q1s0_finger_seed7_ckpt500000,ax1q1s0,finger,7,500000,180.5,48,196.5625,96,219.9107,112,476.0,1
adapt_ax1q1s0_finger_seed8_ckpt500000,ax1q1s0,finger,8,500000,75.3542,48,59.0312,96,68.1786,112,196.7,1
adapt_ax1q1s0_finger_seed9_ckpt500000,ax1q1s0,finger,9,500000,192.2083,48,234.8438,96,237.8482,112,203.8,1
adapt_ax1q1s1_cup_seed10_ckpt500000,ax1q1s1,cup,10,500000,268.875,48,612.3542,96,663.1964,112,970.5,1
adapt_ax1q1s1_cup_seed11_ckpt500000,ax1q1s1,cup,11,500000,64.3958,48,450.0729,96,522.4911,112,952.6,1
adapt_ax1q1s1_cup_seed12_ckpt500000,ax1q1s1,cup,12,500000,674.5,48,815.625,96,836.2411,112,957.3,1
adapt_ax1q1s1_cup_seed13_ckpt500000,ax1q1s1,cup,13,500000,22.5417,48,264.8021,96,363.8929,112,963.6,1
adapt_ax1q1s1_cup_seed14_ckpt500000,ax1q1s1,cup,14,500000,662.2083,48,813.3854,96,835.1875,112,968.3,1
adapt_ax1q1s1_cup_seed15_ckpt500000,ax1q1s1,cup,15,500000,277.5625,48,613.4271,96,663.8929,112,966.8,1
adapt_ax1q1s1_cup_seed16_ckpt500000,ax1q1s1,cup,16,500000,140.8333,48,271.6667,96,310.1964,112,769.6,1
adapt_ax1q1s1_cup_seed1_ckpt500000,ax1q1s1,cup,1,500000,120.0208,48,521.9167,96,579.9732,112,926.6,1
adapt_ax1q1s1_cup_seed2_ckpt500000,ax1q1s1,cup,2,500000,714.25,48,840.2812,96,858.25,112,961.5,1
adapt_ax1q1s1_cup_seed3_ckpt500000,ax1q1s1,cup,3,500000,507.0,48,737.7188,96,770.9196,112,967.8,1
adapt_ax1q1s1_cup_seed4_ckpt500000,ax1q1s1,cup,4,500000,249.625,48,600.6042,96,652.0625,112,957.5,1
adapt_ax1q1s1_cup_seed5_ckpt500000,ax1q1s1,cup,5,500000,304.8958,48,631.3333,96,679.3125,112,965.7,1
adapt_ax1q1s1_cup_seed6_ckpt500000,ax1q1s1,cup,6,500000,625.5417,48,793.25,96,814.125,112,926.4,1
adapt_ax1q1s1_cup_seed7_ckpt500000,ax1q1s1,cup,7,500000,487.6458,48,723.375,96,757.8125,112,965.1,1
adapt_ax1q1s1_cup_seed8_ckpt500000,ax1q1s1,cup,8,500000,463.0625,48,713.75,96,750.6607,112,974.5,1
adapt_ax1q1s1_cup_seed9_ckpt500000,ax1q1s1,cup,9,500000,580.3958,48,771.8438,96,799.2054,112,968.0,1
adapt_ax1q1s1_finger_seed10_ckpt500000,ax1q1s1,finger,10,500000,142.2292,48,158.4271,96,201.7232,112,518.2,1
adapt_ax1q1s1_finger_seed11_ckpt500000,ax1q1s1,finger,11,500000,131.4583,48,152.6354,96,164.4911,112,191.8,1
adapt_ax1q1s1_finger_seed12_ckpt500000,ax1q1s1,finger,12,500000,73.1458,48,71.1354,96,68.5625,112,43.5,1
adapt_ax1q1s1_finger_seed13_ckpt500000,ax1q1s1,finger,13,500000,47.3542,48,76.1042,96,70.2857,112,3.1,1
adapt_ax1q1s1_finger_seed14_ckpt500000,ax1q1s1,finger,14,500000,280.9583,48,185.8229,96,194.0625,112,178.8,1
adapt_ax1q1s1_finger_seed15_ckpt500000,ax1q1s1,finger,15,500000,155.6667,48,200.6562,96,183.0,112,22.5,1
adapt_ax1q1s1_finger_seed16_ckpt500000,ax1q1s1,finger,16,500000,222.1667,48,234.9583,96,244.5714,112,385.4,1
adapt_ax1q1s1_finger_seed1_ckpt500000,ax1q1s1,finger,1,500000,237.0625,48,287.6354,96,306.2321,112,477.1,1
adapt_ax1q1s1_finger_seed2_ckpt500000,ax1q1s1,finger,2,500000,359.8542,48,461.5208,96,463.4196,112,400.2,1
adapt_ax1q1s1_finger_seed3_ckpt500000,ax1q1s1,finger,3,500000,189.3958,48,144.0104,96,129.6786,112,0.0,1
adapt_ax1q1s1_finger_seed4_ckpt500000,ax1q1s1,finger,4,500000,171.0625,48,376.1979,96,408.5982,112,565.1,1
adapt_ax1q1s1_finger_seed5_ckpt500000,ax1q1s1,finger,5,500000,98.8542,48,80.7604,96,77.8393,112,96.5,1
adapt_ax1q1s1_finger_seed6_ckpt500000,ax1q1s1,finger,6,500000,239.9375,48,279.1667,96,298.7857,112,463.8,1
adapt_ax1q1s1_finger_seed7_ckpt500000,ax1q1s1,finger,7,500000,297.8125,48,378.8125,96,437.9643,112,764.6,1
adapt_ax1q1s1_finger_seed8_ckpt500000,ax1q1s1,finger,8,500000,190.1458,48,134.9688,96,145.3839,112,332.6,1
adapt_ax1q1s1_finger_seed9_ckpt500000,ax1q1s1,finger,9,500000,207.8125,48,225.4479,96,235.3036,112,377.3,1
adapt_ax1q2s0_cup_seed10_ckpt500000,ax1q2s0,cup,10,500000,341.4375,48,645.8229,96,691.625,112,965.4,1
adapt_ax1q2s0_cup_seed11_ckpt500000,ax1q2s0,cup,11,500000,327.6667,48,638.8333,96,684.6518,112,960.1,1
adapt_ax1q2s0_cup_seed12_ckpt500000,ax1q2s0,cup,12,500000,296.5,48,617.375,96,665.3839,112,954.3,1
adapt_ax1q2s0_cup_seed13_ckpt500000,ax1q2s0,cup,13,500000,329.2917,48,637.9688,96,683.125,112,945.8,1
adapt_ax1q2s0_cup_seed14_ckpt500000,ax1q2s0,cup,14,500000,662.9167,48,813.7083,96,834.6875,112,963.1,1
adapt_ax1q2s0_cup_seed15_ckpt500000,ax1q2s0,cup,15,500000,476.0417,48,715.0729,96,750.8839,112,971.3,1
adapt_ax1q2s0_cup_seed16_ckpt500000,ax1q2s0,cup,16,500000,511.7292,48,727.3125,96,758.3393,112,942.7,1
adapt_ax1q2s0_cup_seed1_ckpt500000,ax1q2s0,cup,1,500000,741.4167,48,849.6458,96,864.9911,112,957.6,1
adapt_ax1q2s0_cup_seed2_ckpt500000,ax1q2s0,cup,2,500000,101.5625,48,379.4062,96,452.2054,112,907.6,1
adapt_ax1q2s0_cup_seed3_ckpt500000,ax1q2s0,cup,3,500000,518.1458,48,744.5938,96,774.75,112,953.7,1
adapt_ax1q2s0_cup_seed4_ckpt500000,ax1q2s0,cup,4,500000,326.1667,48,642.7917,96,687.4018,112,953.8,1
adapt_ax1q2s0_cup_seed5_ckpt500000,ax1q2s0,cup,5,500000,471.9583,48,719.6042,96,756.2143,112,978.6,1
adapt_ax1q2s0_cup_seed6_ckpt500000,ax1q2s0,cup,6,500000,217.1458,48,559.8958,96,612.7054,112,936.4,1
adapt_ax1q2s0_cup_seed7_ckpt500000,ax1q2s0,cup,7,500000,506.25,48,687.4375,96,726.2143,112,962.6,1
adapt_ax1q2s0_cup_seed8_ckpt500000,ax1q2s0,cup,8,500000,756.1875,48,854.7396,96,870.5268,112,955.7,1
adapt_ax1q2s0_cup_seed9_ckpt500000,ax1q2s0,cup,9,500000,614.0833,48,784.7292,96,810.6607,112,966.8,1
adapt_ax1q2s0_finger_seed10_ckpt500000,ax1q2s0,finger,10,500000,120.3333,48,112.25,96,105.1429,112,0.0,1
adapt_ax1q2s0_finger_seed11_ckpt500000,ax1q2s0,finger,11,500000,81.75,48,103.4062,96,88.6339,112,0.0,1
adapt_ax1q2s0_finger_seed12_ckpt500000,ax1q2s0,finger,12,500000,163.8333,48,136.2604,96,135.2232,112,199.6,1
adapt_ax1q2s0_finger_seed1_ckpt500000,ax1q2s0,finger,1,500000,112.5833,48,106.5729,96,112.9464,112,191.9,1
adapt_ax1q2s0_finger_seed2_ckpt500000,ax1q2s0,finger,2,500000,83.1875,48,92.3646,96,118.875,112,401.9,1
adapt_ax1q2s0_finger_seed3_ckpt500000,ax1q2s0,finger,3,500000,95.1667,48,89.1979,96,85.1339,112,97.2,1
adapt_ax1q2s0_finger_seed4_ckpt500000,ax1q2s0,finger,4,500000,89.1667,48,98.1354,96,84.7232,112,6.8,1
adapt_ax1q2s0_finger_seed5_ckpt500000,ax1q2s0,finger,5,500000,82.6042,48,68.2708,96,60.3214,112,2.9,1
adapt_ax1q2s0_finger_seed6_ckpt500000,ax1q2s0,finger,6,500000,149.4792,48,287.5417,96,293.4107,112,137.7,1
adapt_ax1q2s0_finger_seed7_ckpt500000,ax1q2s0,finger,7,500000,102.8958,48,76.9271,96,74.375,112,88.2,1
adapt_ax1q2s0_finger_seed8_ckpt500000,ax1q2s0,finger,8,500000,93.0625,48,155.2083,96,143.8482,112,75.7,1
adapt_ax1q2s0_finger_seed9_ckpt500000,ax1q2s0,finger,9,500000,106.3958,48,139.4062,96,162.2054,112,209.6,1
adapt_ax1q2s1_cup_seed10_ckpt500000,ax1q2s1,cup,10,500000,498.5,48,717.3646,96,752.1339,112,954.9,1
adapt_ax1q2s1_cup_seed11_ckpt500000,ax1q2s1,cup,11,500000,354.3125,48,632.2083,96,676.8839,112,943.2,1
adapt_ax1q2s1_cup_seed12_ckpt500000,ax1q2s1,cup,12,500000,719.0208,48,842.0104,96,857.4107,112,944.6,1
adapt_ax1q2s1_cup_seed13_ckpt500000,ax1q2s1,cup,13,500000,702.3125,48,831.4375,96,851.3214,112,968.9,1
adapt_ax1q2s1_cup_seed14_ckpt500000,ax1q2s1,cup,14,500000,572.6042,48,768.75,96,798.1429,112,975.4,1
adapt_ax1q2s1_cup_seed15_ckpt500000,ax1q2s1,cup,15,500000,338.3125,48,647.9375,96,693.4821,112,966.6,1
adapt_ax1q2s1_cup_seed16_ckpt500000,ax1q2s1,cup,16,500000,210.4792,48,527.1042,96,569.7054,112,897.4,1
adapt_ax1q2s1_cup_seed1_ckpt500000,ax1q2s1,cup,1,500000,139.3125,48,304.6458,96,383.5625,112,872.5,1
adapt_ax1q2s1_cup_seed2_ckpt500000,ax1q2s1,cup,2,500000,268.125,48,581.4271,96,630.5446,112,964.6,1
adapt_ax1q2s1_cup_seed3_ckpt500000,ax1q2s1,cup,3,500000,156.0625,48,541.2083,96,602.0625,112,968.5,1
adapt_ax1q2s1_cup_seed4_ckpt500000,ax1q2s1,cup,4,500000,600.2917,48,772.1562,96,798.5,112,957.3,1
adapt_ax1q2s1_cup_seed5_ckpt500000,ax1q2s1,cup,5,500000,438.25,48,602.1771,96,629.0536,112,781.1,1
adapt_ax1q2s1_cup_seed6_ckpt500000,ax1q2s1,cup,6,500000,250.6667,48,603.1146,96,655.0536,112,971.7,1
adapt_ax1q2s1_cup_seed7_ckpt500000,ax1q2s1,cup,7,500000,59.4375,48,416.6979,96,493.9464,112,950.0,1
adapt_ax1q2s1_cup_seed8_ckpt500000,ax1q2s1,cup,8,500000,406.7917,48,651.3125,96,695.2411,112,967.9,1
adapt_ax1q2s1_cup_seed9_ckpt500000,ax1q2s1,cup,9,500000,100.875,48,448.3333,96,512.9464,112,929.3,1
adapt_ax1q2s1_finger_seed1_ckpt500000,ax1q2s1,finger,1,500000,100.7083,48,155.3958,96,150.3482,112,188.3,1
adapt_ax1q2s1_finger_seed2_ckpt500000,ax1q2s1,finger,2,500000,43.1042,48,90.7708,96,95.8482,112,109.7,1
adapt_ax1q2s1_finger_seed3_ckpt500000,ax1q2s1,finger,3,500000,25.6042,48,97.5521,96,111.3482,112,310.6,1
adapt_ax1q2s1_finger_seed4_ckpt500000,ax1q2s1,finger,4,500000,92.4375,48,78.0,96,78.4464,112,119.7,1
adapt_ax1q2s1_finger_seed5_ckpt500000,ax1q2s1,finger,5,500000,96.7708,48,111.7812,96,110.6875,112,100.3,1
adapt_ax1q2s1_finger_seed6_ckpt500000,ax1q2s1,finger,6,500000,170.4792,48,154.5417,96,151.5536,112,177.6,1
adapt_ax1q2s1_finger_seed7_ckpt500000,ax1q2s1,finger,7,500000,81.0417,48,114.1458,96,100.6339,112,29.0,1
adapt_ax1q2s1_finger_seed8_ckpt500000,ax1q2s1,finger,8,500000,219.4792,48,159.3125,96,149.625,112,146.3,1
adapt_goalwm_finger_seed1_ckpt100000,goalwm,finger,1,100000,112.8125,48,92.4583,96,82.1429,112,7.6,1
adapt_goalwm_finger_seed2_ckpt100000,goalwm,finger,2,100000,49.9167,48,56.0833,96,74.5536,112,296.6,1
adapt_goalwm_finger_seed3_ckpt100000,goalwm,finger,3,100000,92.75,48,56.4688,96,57.3393,112,100.1,1
adapt_p2e_cup_seed1_ckpt100000,p2e,cup,1,100000,19.6667,48,9.8333,96,33.0268,112,95.1,1
adapt_p2e_cup_seed1_ckpt200000,p2e,cup,1,200000,760.4375,48,860.7292,96,876.8839,112,975.9,1
adapt_p2e_cup_seed1_ckpt300000,p2e,cup,1,300000,618.375,48,790.5312,96,815.6607,112,965.7,1
adapt_p2e_cup_seed1_ckpt400000,p2e,cup,1,400000,756.4792,48,861.6458,96,876.3571,112,964.9,1
adapt_p2e_cup_seed1_ckpt500000,p2e,cup,1,500000,183.8542,48,365.2604,96,433.4732,112,803.5,1
adapt_p2e_cup_seed2_ckpt100000,p2e,cup,2,100000,328.7083,48,638.3125,96,684.6161,112,972.4,1
adapt_p2e_cup_seed2_ckpt200000,p2e,cup,2,200000,439.2917,48,702.4688,96,739.4911,112,959.0,1
adapt_p2e_cup_seed2_ckpt300000,p2e,cup,2,300000,728.3125,48,845.1875,96,861.9196,112,967.5,1
adapt_p2e_cup_seed2_ckpt400000,p2e,cup,2,400000,281.2917,48,621.8854,96,670.4018,112,961.6,1
adapt_p2e_cup_seed2_ckpt500000,p2e,cup,2,500000,135.0208,48,538.5417,96,599.9732,112,970.5,1
adapt_p2e_cup_seed3_ckpt100000,p2e,cup,3,100000,577.5,48,768.2812,96,795.7054,112,956.5,1
adapt_p2e_cup_seed3_ckpt200000,p2e,cup,3,200000,140.5208,48,499.6771,96,567.5446,112,977.1,1
adapt_p2e_cup_seed3_ckpt300000,p2e,cup,3,300000,469.4792,48,714.6771,96,751.6607,112,969.5,1
adapt_p2e_cup_seed3_ckpt400000,p2e,cup,3,400000,383.4583,48,677.1875,96,718.9196,112,971.6,1
adapt_p2e_cup_seed3_ckpt500000,p2e,cup,3,500000,338.5417,48,651.7604,96,697.75,112,974.4,1
adapt_p2e_cup_seed4_ckpt100000,p2e,cup,4,100000,221.0,48,493.3958,96,560.0893,112,961.0,1
adapt_p2e_cup_seed4_ckpt200000,p2e,cup,4,200000,691.3958,48,829.2188,96,849.7232,112,969.9,1
adapt_p2e_cup_seed4_ckpt300000,p2e,cup,4,300000,658.0,48,815.3854,96,838.3571,112,977.3,1
adapt_p2e_cup_seed4_ckpt400000,p2e,cup,4,400000,694.4583,48,832.7188,96,853.8571,112,980.2,1
adapt_p2e_cup_seed4_ckpt500000,p2e,cup,4,500000,476.5417,48,725.7917,96,761.75,112,976.2,1
adapt_p2e_cup_seed5_ckpt100000,p2e,cup,5,100000,703.5417,48,835.8229,96,853.9554,112,964.0,1
adapt_p2e_cup_seed5_ckpt200000,p2e,cup,5,200000,601.6042,48,784.2083,96,811.0446,112,973.0,1
adapt_p2e_cup_seed5_ckpt300000,p2e,cup,5,300000,105.2083,48,387.5625,96,470.5179,112,959.8,1
adapt_p2e_cup_seed5_ckpt400000,p2e,cup,5,400000,381.8958,48,673.2708,96,716.3214,112,974.3,1
adapt_p2e_cup_seed5_ckpt500000,p2e,cup,5,500000,329.4375,48,621.6042,96,672.1518,112,976.0,1
adapt_p2e_finger_seed1_ckpt100000,p2e,finger,1,100000,116.1875,48,111.6771,96,96.0625,112,3.7,1
adapt_p2e_finger_seed1_ckpt200000,p2e,finger,1,200000,41.0,48,51.9688,96,80.1071,112,398.3,1
adapt_p2e_finger_seed1_ckpt300000,p2e,finger,1,300000,157.1042,48,108.875,96,120.1071,112,200.0,1
adapt_p2e_finger_seed1_ckpt400000,p2e,finger,1,400000,65.8958,48,68.9375,96,64.9286,112,26.0,1
adapt_p2e_finger_seed1_ckpt500000,p2e,finger,1,500000,53.7292,48,79.6042,96,68.2321,112,0.0,1
adapt_p2e_finger_seed2_ckpt100000,p2e,finger,2,100000,79.6458,48,56.0521,96,58.4821,112,94.1,1
adapt_p2e_finger_seed2_ckpt200000,p2e,finger,2,200000,71.9792,48,70.3854,96,78.125,112,101.5,1
adapt_p2e_finger_seed2_ckpt300000,p2e,finger,2,300000,45.0208,48,43.3646,96,37.1875,112,0.2,1
adapt_p2e_finger_seed2_ckpt400000,p2e,finger,2,400000,28.8542,48,62.875,96,63.6607,112,109.4,1
adapt_p2e_finger_seed2_ckpt500000,p2e,finger,2,500000,45.5625,48,112.2708,96,116.0446,112,164.9,1
adapt_p2e_finger_seed3_ckpt100000,p2e,finger,3,100000,140.5833,48,117.875,96,102.625,112,17.8,1
adapt_p2e_finger_seed3_ckpt200000,p2e,finger,3,200000,104.3542,48,74.1146,96,63.5268,112,0.0,1
adapt_p2e_finger_seed3_ckpt300000,p2e,finger,3,300000,52.875,48,71.2396,96,76.3036,112,102.7,1
adapt_p2e_finger_seed3_ckpt400000,p2e,finger,3,400000,73.9792,48,62.3646,96,62.3839,112,0.0,1
adapt_p2e_finger_seed3_ckpt500000,p2e,finger,3,500000,90.6875,48,73.5833,96,76.0804,112,145.4,1
adapt_p2e_finger_seed4_ckpt100000,p2e,finger,4,100000,110.6667,48,71.0417,96,67.7232,112,37.0,1
adapt_p2e_finger_seed4_ckpt200000,p2e,finger,4,200000,63.875,48,63.9896,96,59.7857,112,55.3,1
adapt_p2e_finger_seed4_ckpt300000,p2e,finger,4,300000,105.25,48,84.3125,96,77.0625,112,53.3,1
adapt_p2e_finger_seed4_ckpt400000,p2e,finger,4,400000,76.3333,48,109.2604,96,102.5804,112,0.0,1
adapt_p2e_finger_seed4_ckpt500000,p2e,finger,4,500000,75.2292,48,117.4479,96,120.2054,112,122.3,1
adapt_p2e_finger_seed5_ckpt100000,p2e,finger,5,100000,78.2292,48,64.7917,96,55.5357,112,0.0,1
adapt_p2e_finger_seed5_ckpt200000,p2e,finger,5,200000,64.5417,48,55.0208,96,57.8839,112,119.8,1
adapt_p2e_finger_seed5_ckpt300000,p2e,finger,5,300000,90.6042,48,78.2292,96,73.6875,112,71.8,1
adapt_p2e_finger_seed5_ckpt400000,p2e,finger,5,400000,82.8958,48,70.3958,96,65.2054,112,49.4,1
adapt_p2e_finger_seed5_ckpt500000,p2e,finger,5,500000,93.2917,48,89.6875,96,76.875,112,0.0,1
adapt_p2e_reacher_seed1_ckpt100000,p2e,reacher,1,100000,13.7917,48,46.5729,96,63.1964,112,79.1,1
adapt_p2e_reacher_seed1_ckpt200000,p2e,reacher,1,200000,27.6667,48,161.2188,96,195.375,112,435.7,1
adapt_p2e_reacher_seed1_ckpt300000,p2e,reacher,1,300000,38.75,48,176.8646,96,216.7143,112,486.0,1
adapt_p2e_reacher_seed1_ckpt400000,p2e,reacher,1,400000,16.9583,48,28.7396,96,34.6161,112,52.1,1
adapt_p2e_reacher_seed1_ckpt500000,p2e,reacher,1,500000,20.5,48,37.6979,96,46.75,112,136.1,1
adapt_p2e_reacher_seed2_ckpt100000,p2e,reacher,2,100000,50.8125,48,143.2292,96,156.9286,112,219.4,1
adapt_p2e_reacher_seed2_ckpt200000,p2e,reacher,2,200000,29.75,48,131.6042,96,156.3125,112,258.1,1
adapt_p2e_reacher_seed2_ckpt300000,p2e,reacher,2,300000,24.5833,48,94.125,96,91.3125,112,67.8,1
adapt_p2e_reacher_seed2_ckpt400000,p2e,reacher,2,400000,8.3542,48,57.8958,96,87.7679,112,294.3,1
adapt_p2e_reacher_seed2_ckpt500000,p2e,reacher,2,500000,29.7708,48,70.9167,96,78.7679,112,116.2,1
adapt_p2e_reacher_seed3_ckpt100000,p2e,reacher,3,100000,30.125,48,48.3854,96,68.6339,112,173.9,1
adapt_p2e_reacher_seed3_ckpt200000,p2e,reacher,3,200000,31.9583,48,127.5625,96,151.3571,112,168.0,1
adapt_p2e_reacher_seed3_ckpt300000,p2e,reacher,3,300000,37.7917,48,45.4375,96,43.375,112,35.8,1
adapt_p2e_reacher_seed3_ckpt400000,p2e,reacher,3,400000,46.2917,48,27.8854,96,30.9107,112,78.5,1
adapt_p2e_reacher_seed3_ckpt500000,p2e,reacher,3,500000,14.375,48,11.3854,96,15.7411,112,10.2,1
adapt_p2e_reacher_seed4_ckpt100000,p2e,reacher,4,100000,20.25,48,62.0729,96,82.5179,112,202.0,1
adapt_p2e_reacher_seed4_ckpt200000,p2e,reacher,4,200000,55.6042,48,64.8438,96,78.3036,112,150.8,1
adapt_p2e_reacher_seed4_ckpt300000,p2e,reacher,4,300000,11.0417,48,15.2917,96,14.8393,112,16.8,1
adapt_p2e_reacher_seed4_ckpt400000,p2e,reacher,4,400000,67.625,48,135.1667,96,176.4732,112,353.4,1
adapt_p2e_reacher_seed4_ckpt500000,p2e,reacher,4,500000,26.2708,48,27.5104,96,28.0089,112,47.9,1
adapt_p2e_reacher_seed5_ckpt100000,p2e,reacher,5,100000,45.1667,48,137.6979,96,179.5179,112,464.7,1
adapt_p2e_reacher_seed5_ckpt200000,p2e,reacher,5,200000,28.0,48,107.2188,96,125.9732,112,232.5,1
adapt_p2e_reacher_seed5_ckpt300000,p2e,reacher,5,300000,150.4375,48,288.4479,96,329.1339,112,579.6,1
adapt_p2e_reacher_seed5_ckpt400000,p2e,reacher,5,400000,13.375,48,18.3229,96,19.2857,112,13.0,1
adapt_p2e_reacher_seed5_ckpt500000,p2e,reacher,5,500000,167.8958,48,298.3125,96,298.3661,112,152.9,1
adapt_p2e_walker_seed1_ckpt100000,p2e,walker,1,100000,130.9635,48,162.3724,96,161.2705,112,158.8005,1
adapt_p2e_walker_seed1_ckpt200000,p2e,walker,1,200000,114.5613,48,116.7599,96,119.1872,112,116.0131,1
adapt_p2e_walker_seed1_ckpt300000,p2e,walker,1,300000,121.326,48,168.9237,96,178.0015,112,241.7949,1
adapt_p2e_walker_seed1_ckpt400000,p2e,walker,1,400000,217.0648,48,302.1789,96,319.1726,112,415.2804,1
adapt_p2e_walker_seed1_ckpt500000,p2e,walker,1,500000,289.5625,48,370.3523,96,394.3065,112,525.7905,1
adapt_p2e_walker_seed2_ckpt100000,p2e,walker,2,100000,112.6412,48,110.1638,96,104.3345,112,67.3043,1
adapt_p2e_walker_seed2_ckpt200000,p2e,walker,2,200000,82.0196,48,94.3456,96,94.9005,112,105.9417,1
adapt_p2e_walker_seed2_ckpt300000,p2e,walker,2,300000,122.2087,48,145.9139,96,145.4187,112,140.4479,1
adapt_p2e_walker_seed2_ckpt400000,p2e,walker,2,400000,223.1989,48,297.058,96,309.2053,112,380.5112,1
adapt_p2e_walker_seed2_ckpt500000,p2e,walker,2,500000,178.093,48,228.4956,96,246.9983,112,357.0164,1
adapt_p2e_walker_seed3_ckpt100000,p2e,walker,3,100000,120.4433,48,117.3703,96,115.2879,112,112.6461,1
adapt_p2e_walker_seed3_ckpt200000,p2e,walker,3,200000,113.3634,48,103.1016,96,101.7817,112,98.9756,1
adapt_p2e_walker_seed3_ckpt300000,p2e,walker,3,300000,143.9591,48,162.9151,96,163.1989,112,162.4542,1
adapt_p2e_walker_seed3_ckpt400000,p2e,walker,3,400000,212.584,48,272.4436,96,280.2813,112,329.1886,1
adapt_p2e_walker_seed3_ckpt500000,p2e,walker,3,500000,160.9473,48,245.8347,96,255.4978,112,306.3287,1
adapt_p2e_walker_seed4_ckpt100000,p2e,walker,4,100000,85.4915,48,99.6539,96,101.3424,112,139.706,1
adapt_p2e_walker_seed4_ckpt200000,p2e,walker,4,200000,130.0646,48,135.5002,96,127.6744,112,80.6717,1
adapt_p2e_walker_seed4_ckpt300000,p2e,walker,4,300000,126.4846,48,143.5287,96,150.1289,112,201.4394,1
adapt_p2e_walker_seed4_ckpt400000,p2e,walker,4,400000,258.7536,48,336.797,96,351.1209,112,445.9295,1
adapt_p2e_walker_seed4_ckpt500000,p2e,walker,4,500000,268.8359,48,398.0798,96,425.9412,112,600.9021,1
adapt_p2e_walker_seed5_ckpt100000,p2e,walker,5,100000,88.6729,48,85.8737,96,82.8404,112,59.1294,1
adapt_p2e_walker_seed5_ckpt200000,p2e,walker,5,200000,108.2362,48,107.2186,96,110.5254,112,149.7585,1
adapt_p2e_walker_seed5_ckpt300000,p2e,walker,5,300000,116.9139,48,145.3246,96,145.2307,112,162.3633,1
adapt_p2e_walker_seed5_ckpt400000,p2e,walker,5,400000,149.2398,48,168.875,96,171.862,112,181.1275,1
adapt_p2e_walker_seed5_ckpt500000,p2e,walker,5,500000,328.4676,48,411.9577,96,427.8041,112,496.9565,1
adapt_p2elong_finger_seed1_ckpt500000,p2elong,finger,1,500000,81.3125,48,82.5104,96,84.5625,112,99.2,1
adapt_random_cup_seed1_ckpt100000,random,cup,1,100000,100.4792,48,112.1042,96,113.8929,112,199.4,1
adapt_random_cup_seed1_ckpt200000,random,cup,1,200000,124.3125,48,103.5521,96,97.6607,112,99.7,1
adapt_random_cup_seed1_ckpt300000,random,cup,1,300000,74.875,48,142.8854,96,140.1607,112,98.7,1
adapt_random_cup_seed1_ckpt400000,random,cup,1,400000,77.8542,48,162.0312,96,165.0268,112,292.8,1
adapt_random_cup_seed1_ckpt500000,random,cup,1,500000,185.0625,48,412.1979,96,424.8929,112,536.9,1
adapt_random_cup_seed2_ckpt100000,random,cup,2,100000,61.5625,48,51.5104,96,70.8571,112,199.3,1
adapt_random_cup_seed2_ckpt200000,random,cup,2,200000,60.6458,48,61.0208,96,96.3393,112,295.8,1
adapt_random_cup_seed2_ckpt300000,random,cup,2,300000,119.7292,48,131.4167,96,139.2054,112,297.5,1
adapt_random_cup_seed2_ckpt400000,random,cup,2,400000,125.2083,48,195.8333,96,238.0536,112,393.6,1
adapt_random_cup_seed2_ckpt500000,random,cup,2,500000,220.0417,48,284.2188,96,278.6964,112,196.0,1
adapt_random_cup_seed3_ckpt100000,random,cup,3,100000,38.0208,48,91.0104,96,86.8214,112,98.7,1
adapt_random_cup_seed3_ckpt200000,random,cup,3,200000,59.1667,48,111.4479,96,122.0089,112,98.9,1
adapt_random_cup_seed3_ckpt300000,random,cup,3,300000,61.4792,48,133.0938,96,122.7411,112,0.0,1
adapt_random_cup_seed3_ckpt400000,random,cup,3,400000,39.2917,48,100.5729,96,112.6696,112,197.9,1
adapt_random_cup_seed3_ckpt500000,random,cup,3,500000,272.7917,48,267.6146,96,264.6161,112,295.6,1
adapt_random_cup_seed4_ckpt100000,random,cup,4,100000,80.7708,48,91.6979,96,96.2054,112,197.2,1
adapt_random_cup_seed4_ckpt200000,random,cup,4,200000,201.4167,48,203.5208,96,200.8661,112,295.9,1
adapt_random_cup_seed4_ckpt300000,random,cup,4,300000,164.25,48,195.2188,96,167.3304,112,0.0,1
adapt_random_cup_seed4_ckpt400000,random,cup,4,400000,81.2083,48,153.3333,96,149.0625,112,98.8,1
adapt_random_cup_seed4_ckpt500000,random,cup,4,500000,162.5833,48,205.1667,96,219.9821,112,296.7,1
adapt_random_cup_seed5_ckpt100000,random,cup,5,100000,319.8333,48,232.0625,96,216.6786,112,199.0,1
adapt_random_cup_seed5_ckpt200000,random,cup,5,200000,18.1042,48,54.9688,96,47.1161,112,0.0,1
adapt_random_cup_seed5_ckpt300000,random,cup,5,300000,120.4167,48,131.9792,96,130.7589,112,98.4,1
adapt_random_cup_seed5_ckpt400000,random,cup,5,400000,209.5,48,330.3333,96,405.3304,112,832.4,1
adapt_random_cup_seed5_ckpt500000,random,cup,5,500000,375.4792,48,299.5104,96,283.125,112,197.0,1
adapt_random_finger_seed1_ckpt100000,random,finger,1,100000,145.3333,48,120.2396,96,105.0357,112,13.5,1
adapt_random_finger_seed1_ckpt200000,random,finger,1,200000,145.8958,48,87.4896,96,78.3839,112,20.2,1
adapt_random_finger_seed1_ckpt300000,random,finger,1,300000,74.5833,48,101.5938,96,106.25,112,117.1,1
adapt_random_finger_seed1_ckpt400000,random,finger,1,400000,68.2917,48,65.1875,96,77.1161,112,143.5,1
adapt_random_finger_seed1_ckpt500000,random,finger,1,500000,90.8333,48,124.7917,96,116.1518,112,87.6,1
adapt_random_finger_seed2_ckpt100000,random,finger,2,100000,39.4792,48,61.4062,96,79.4196,112,100.0,1
adapt_random_finger_seed2_ckpt200000,random,finger,2,200000,117.7917,48,103.2708,96,97.5268,112,100.9,1
adapt_random_finger_seed2_ckpt300000,random,finger,2,300000,61.2083,48,58.3854,96,67.8304,112,99.2,1
adapt_random_finger_seed2_ckpt400000,random,finger,2,400000,86.7917,48,74.8542,96,82.0179,112,200.0,1
adapt_random_finger_seed2_ckpt500000,random,finger,2,500000,99.375,48,60.4271,96,53.0982,112,0.3,1
adapt_random_finger_seed3_ckpt100000,random,finger,3,100000,85.5,48,63.8542,96,63.625,112,99.6,1
adapt_random_finger_seed3_ckpt200000,random,finger,3,200000,142.9583,48,102.5312,96,87.9107,112,0.0,1
adapt_random_finger_seed3_ckpt300000,random,finger,3,300000,60.6667,48,121.7604,96,113.8839,112,68.3,1
adapt_random_finger_seed3_ckpt400000,random,finger,3,400000,138.2083,48,88.4271,96,76.1786,112,2.6,1
adapt_random_finger_seed3_ckpt500000,random,finger,3,500000,81.2292,48,82.5208,96,88.3482,112,0.0,1
adapt_random_finger_seed4_ckpt100000,random,finger,4,100000,55.1458,48,59.6562,96,53.9018,112,25.2,1
adapt_random_finger_seed4_ckpt200000,random,finger,4,200000,40.1042,48,60.5833,96,51.9286,112,0.0,1
adapt_random_finger_seed4_ckpt300000,random,finger,4,300000,82.0833,48,87.9688,96,75.5179,112,0.0,1
adapt_random_finger_seed4_ckpt400000,random,finger,4,400000,80.5625,48,92.4688,96,92.625,112,82.3,1
adapt_random_finger_seed4_ckpt500000,random,finger,4,500000,40.7917,48,81.1042,96,83.9375,112,125.3,1
adapt_random_finger_seed5_ckpt100000,random,finger,5,100000,79.9167,48,81.5521,96,69.9018,112,0.0,1
adapt_random_finger_seed5_ckpt200000,random,finger,5,200000,59.8542,48,71.5104,96,77.5179,112,181.3,1
adapt_random_finger_seed5_ckpt300000,random,finger,5,300000,54.0833,48,56.3333,96,72.125,112,252.7,1
adapt_random_finger_seed5_ckpt400000,random,finger,5,400000,138.4167,48,104.125,96,89.3214,112,0.0,1
adapt_random_finger_seed5_ckpt500000,random,finger,5,500000,95.9375,48,107.4271,96,117.9464,112,199.7,1
adapt_random_reacher_seed1_ckpt100000,random,reacher,1,100000,28.2917,48,28.3646,96,30.625,112,70.7,1
adapt_random_reacher_seed1_ckpt200000,random,reacher,1,200000,24.125,48,25.7812,96,24.1786,112,12.5,1
adapt_random_reacher_seed1_ckpt300000,random,reacher,1,300000,26.7917,48,17.875,96,18.1875,112,7.7,1
adapt_random_reacher_seed1_ckpt400000,random,reacher,1,400000,14.3958,48,32.3646,96,43.7589,112,138.8,1
adapt_random_reacher_seed1_ckpt500000,random,reacher,1,500000,13.4167,48,18.1771,96,18.7321,112,26.9,1
adapt_random_reacher_seed2_ckpt100000,random,reacher,2,100000,9.7708,48,31.9792,96,34.7679,112,56.2,1
adapt_random_reacher_seed2_ckpt200000,random,reacher,2,200000,28.8333,48,112.375,96,136.5714,112,304.4,1
adapt_random_reacher_seed2_ckpt300000,random,reacher,2,300000,11.375,48,14.9792,96,29.0625,112,171.4,1
adapt_random_reacher_seed2_ckpt400000,random,reacher,2,400000,27.9375,48,50.6771,96,70.875,112,155.7,1
adapt_random_reacher_seed2_ckpt500000,random,reacher,2,500000,23.625,48,21.2604,96,23.0446,112,43.7,1
adapt_random_reacher_seed3_ckpt100000,random,reacher,3,100000,23.1667,48,24.9583,96,21.9732,112,5.1,1
adapt_random_reacher_seed3_ckpt200000,random,reacher,3,200000,17.8333,48,57.3646,96,54.5625,112,59.7,1
adapt_random_reacher_seed3_ckpt300000,random,reacher,3,300000,13.6458,48,50.5833,96,50.9821,112,3.0,1
adapt_random_reacher_seed3_ckpt400000,random,reacher,3,400000,27.125,48,53.2083,96,85.3214,112,279.5,1
adapt_random_reacher_seed3_ckpt500000,random,reacher,3,500000,12.0208,48,32.9688,96,40.5893,112,52.1,1
adapt_random_reacher_seed4_ckpt100000,random,reacher,4,100000,20.9375,48,25.6562,96,33.875,112,92.3,1
adapt_random_reacher_seed4_ckpt200000,random,reacher,4,200000,26.6458,48,67.6771,96,67.4911,112,105.6,1
adapt_random_reacher_seed4_ckpt300000,random,reacher,4,300000,14.9583,48,46.4896,96,57.2054,112,85.7,1
adapt_random_reacher_seed4_ckpt400000,random,reacher,4,400000,14.9792,48,14.1042,96,15.9643,112,21.8,1
adapt_random_reacher_seed4_ckpt500000,random,reacher,4,500000,16.4375,48,58.7292,96,74.4286,112,110.0,1
adapt_random_reacher_seed5_ckpt100000,random,reacher,5,100000,8.1875,48,9.2083,96,10.0804,112,17.4,1
adapt_random_reacher_seed5_ckpt200000,random,reacher,5,200000,40.3542,48,77.3854,96,86.5625,112,140.5,1
adapt_random_reacher_seed5_ckpt300000,random,reacher,5,300000,65.8958,48,71.8542,96,91.2857,112,215.7,1
adapt_random_reacher_seed5_ckpt400000,random,reacher,5,400000,12.9167,48,12.1667,96,12.125,112,10.4,1
adapt_random_reacher_seed5_ckpt500000,random,reacher,5,500000,24.75,48,104.1458,96,134.4911,112,202.3,1
adapt_random_walker_seed1_ckpt100000,random,walker,1,100000,83.1488,48,115.8021,96,120.0953,112,148.5139,1
adapt_random_walker_seed1_ckpt200000,random,walker,1,200000,121.8872,48,108.1031,96,101.4823,112,63.9848,1
adapt_random_walker_seed1_ckpt300000,random,walker,1,300000,121.1332,48,118.4032,96,126.91,112,177.0014,1
adapt_random_walker_seed1_ckpt400000,random,walker,1,400000,137.8647,48,143.192,96,161.6471,112,262.7903,1
adapt_random_walker_seed1_ckpt500000,random,walker,1,500000,144.6726,48,137.7997,96,167.8289,112,352.0967,1
adapt_random_walker_seed2_ckpt100000,random,walker,2,100000,83.949,48,109.8412,96,118.4601,112,161.7174,1
adapt_random_walker_seed2_ckpt200000,random,walker,2,200000,71.6167,48,70.9519,96,70.3784,112,66.7426,1
adapt_random_walker_seed2_ckpt300000,random,walker,2,300000,109.3136,48,124.5427,96,123.6835,112,126.1415,1
adapt_random_walker_seed2_ckpt400000,random,walker,2,400000,103.9992,48,124.3783,96,119.9264,112,81.9059,1
adapt_random_walker_seed2_ckpt500000,random,walker,2,500000,141.9712,48,132.7689,96,132.0331,112,108.7518,1
adapt_random_walker_seed3_ckpt100000,random,walker,3,100000,94.4894,48,89.8827,96,87.2812,112,67.6689,1
adapt_random_walker_seed3_ckpt200000,random,walker,3,200000,140.8891,48,167.9693,96,167.6565,112,172.7483,1
adapt_random_walker_seed3_ckpt300000,random,walker,3,300000,174.0582,48,195.9641,96,205.8509,112,252.6833,1
adapt_random_walker_seed3_ckpt400000,random,walker,3,400000,73.5779,48,153.717,96,160.1969,112,206.3013,1
adapt_random_walker_seed3_ckpt500000,random,walker,3,500000,127.6464,48,109.5384,96,107.6082,112,100.2852,1
adapt_random_walker_seed4_ckpt100000,random,walker,4,100000,84.3475,48,94.4186,96,94.2706,112,103.8698,1
adapt_random_walker_seed4_ckpt200000,random,walker,4,200000,79.5221,48,93.5529,96,96.8691,112,98.6381,1
adapt_random_walker_seed4_ckpt300000,random,walker,4,300000,63.2689,48,56.6794,96,57.684,112,60.3725,1
adapt_random_walker_seed4_ckpt400000,random,walker,4,400000,138.8385,48,246.5821,96,273.3506,112,437.4374,1
adapt_random_walker_seed4_ckpt500000,random,walker,4,500000,183.8167,48,200.8839,96,192.2793,112,141.6049,1
adapt_random_walker_seed5_ckpt100000,random,walker,5,100000,81.8708,48,108.0737,96,109.8062,112,127.7335,1
adapt_random_walker_seed5_ckpt200000,random,walker,5,200000,105.7402,48,113.4795,96,114.835,112,127.9594,1
adapt_random_walker_seed5_ckpt300000,random,walker,5,300000,112.7945,48,144.1489,96,146.3759,112,163.7851,1
adapt_random_walker_seed5_ckpt400000,random,walker,5,400000,117.0275,48,115.4547,96,114.3564,112,99.4513,1
adapt_random_walker_seed5_ckpt500000,random,walker,5,500000,156.7485,48,198.0661,96,199.8381,112,258.5995,1
