run_id,err_diff,expl_mode,horizon,n_all,n_in_norew,n_in_regime,n_in_rew,n_out_norew,n_out_regime,n_out_rew,n_rewarded,n_unrewarded,nll_all,nll_in_norew,nll_in_regime,nll_in_rew,nll_out_norew,nll_out_regime,nll_out_rew,nll_rewarded,nll_unrewarded,reward_aware
ax1wm_cup_fq1s0_seed1,0.005126,apt,0,60060,9325,9325,0,38855,50735,11880,11880,48180,0.03550659236740729,0.031176066588005064,0.031176066588005064,,0.036198140019229844,0.03630253506757337,0.03664397190287535,0.03664397190287535,0.03522614261893572,0
ax1wm_cup_fq1s0_seed1,0.005305,apt,1,60000,9325,9325,0,38795,50675,11880,11880,48120,0.045107167182707936,0.04062644031771047,0.04062644031771047,,0.04577934943378326,0.045931691662552065,0.04642917623873774,0.04642917623873774,0.04478078589456093,0
ax1wm_cup_fq1s0_seed1,0.014382,apt,5,59760,9325,9325,0,38559,50435,11876,11876,47884,0.06382848324220756,0.05169101560095473,0.05169101560095473,,0.06921269029111773,0.06607259716616282,0.05587734196195801,0.05587734196195801,0.06580049380615888,0
ax1wm_cup_fq1s0_seed1,0.093324,apt,20,58860,9227,9227,0,37791,49633,11842,11842,47018,0.17406789770660255,0.0953733761920687,0.0953733761920687,,0.21481894378852015,0.18869756647565952,0.10533724135909846,0.10533724135909846,0.1913784688169676,0
ax1wm_cup_fq1s0_seed10,0.004528,apt,0,60060,9325,9325,0,38855,50735,11880,11880,48180,0.04463189179786403,0.04080689448970057,0.04080689448970057,,0.047271643156249425,0.04533491929167746,0.03900062587770912,0.03900062587770912,0.04602042312064195,0
ax1wm_cup_fq1s0_seed10,0.006814,apt,1,60000,9325,9325,0,38795,50675,11880,11880,48120,0.05397999139520262,0.048225314946105075,0.048225314946105075,,0.05712091413198509,0.05503894271020676,0.04824011431728671,0.04824011431728671,0.055397068279775384,0
ax1wm_cup_fq1s0_seed10,0.020494,apt,5,59760,9325,9325,0,38559,50435,11876,11876,47884,0.07585710179955424,0.05856124874612104,0.05856124874612104,,0.08382263667990164,0.07905495705331184,0.06357525355704403,0.06357525355704403,0.07890319714931723,0
ax1wm_cup_fq1s0_seed10,0.101746,apt,20,58860,9227,9227,0,37791,49633,11842,11842,47018,0.1925671117786404,0.10677116267685191,0.10677116267685191,,0.23333040058180235,0.20851696817181026,0.1293306462493301,0.1293306462493301,0.20849391055353705,0
ax1wm_cup_fq1s0_seed11,-0.017987,apt,0,60060,9325,9325,0,38855,50735,11880,11880,48180,0.060480050279476956,0.0756744094482045,0.0756744094482045,,0.06492921495914089,0.05768735491634727,0.03400196165348986,0.03400196165348986,0.06700889405026829,0
ax1wm_cup_fq1s0_seed11,-0.01894,apt,1,60000,9325,9325,0,38795,50675,11880,11880,48120,0.07135635136739026,0.0873523498689227,0.0873523498689227,,0.07665676012407346,0.06841283511624492,0.04149170122073073,0.04149170122073073,0.07872941960808676,0
ax1wm_cup_fq1s0_seed11,-0.006015,apt,5,59760,9325,9325,0,38559,50435,11876,11876,47884,0.09214088776820421,0.0972172048403143,0.0972172048403143,,0.10376413642312664,0.09120232017233972,0.05041661178449089,0.05041661178449089,0.10248917741782788,0
ax1wm_cup_fq1s0_seed11,0.068463,apt,20,58860,9227,9227,0,37791,49633,11842,11842,47018,0.21432262045574785,0.15659238347856583,0.15659238347856583,,0.263066787430391,0.2250549335657444,0.10374890676293566,0.10374890676293566,0.24217182538897092,0
ax1wm_cup_fq1s0_seed12,0.002679,apt,0,60060,9325,9325,0,38855,50735,11880,11880,48180,0.04686180446084463,0.04459842077137609,0.04459842077137609,,0.04856579980868871,0.047277810234064195,0.04306528204197367,0.04306528204197367,0.04779793327645666,0
ax1wm_cup_fq1s0_seed12,0.004424,apt,1,60000,9325,9325,0,38795,50675,11880,11880,48120,0.05585558104788543,0.05211879330547065,0.05211879330547065,,0.05653093310688962,0.056543208984698806,0.05658329675234253,0.05658329675234253,0.0556759205622464,0
ax1wm_cup_fq1s0_seed12,0.017233,apt,5,59760,9325,9325,0,38559,50435,11876,11876,47884,0.07678373170261073,0.062240176315272205,0.062240176315272205,,0.08320309077635966,0.07947271066537331,0.06736091151586826,0.06736091151586826,0.07912074223927754,0
ax1wm_cup_fq1s0_seed12,0.110141,apt,20,58860,9227,9227,0,37791,49633,11842,11842,47018,0.20054824364680507,0.10767328518972141,0.10767328518972141,,0.2374685355395571,0.21781412001300315,0.15509160547458076,0.15509160547458076,0.2119969975120371,0
ax1wm_cup_fq1s0_seed13,0.003809,apt,0,60060,9325,9325,0,38855,50735,11880,11880,48180,0.03696286282034631,0.03374547282563771,0.03374547282563771,,0.04068952266583211,0.03755421320372382,0.02729979829208933,0.02729979829208933,0.03934553626566995,0
ax1wm_cup_fq1s0_seed13,0.006721,apt,1,60000,9325,9325,0,38795,50675,11880,11880,48120,0.04670442410421069,0.041028027118495396,0.041028027118495396,,0.051181483519423907,0.04774897076216422,0.03653985187176949,0.03653985187176949,0.04921388208678346,0
ax1wm_cup_fq1s0_seed13,0.018234,apt,5,59760,9325,9325,0,38559,50435,11876,11876,47884,0.06722153045607217,0.05183317528841885,0.05183317528841885,,0.07722291048112022,0.07006670567047421,0.04683193796302222,0.04683193796302222,0.07227847641813594,0
ax1wm_cup_fq1s0_seed13,0.095296,apt,20,58860,9227,9227,0,37791,49633,11842,11842,47018,0.18862737881307018,0.10827024872286108,0.10827024872286108,,0.23761068454636897,0.2035661340634552,0.09492083704438806,0.09492083704438806,0.2122284011369618,0
ax1wm_cup_fq1s0_seed14,0.005284,apt,0,60060,9325,9325,0,38855,50735,11880,11880,48180,0.04349801651129932,0.03903476810269179,0.03903476810269179,,0.04225054569649265,0.04431835338742557,0.05108137256513591,0.05108137256513591,0.04162814789528482,0
ax1wm_cup_fq1s0_seed14,0.007943,apt,1,60000,9325,9325,0,38795,50675,11880,11880,48120,0.05294479890264638,0.04623603416408392,0.04623603416408392,,0.05226344647575584,0.054179317524986684,0.060435733127251895,0.060435733127251895,0.05109541613896572,0
ax1wm_cup_fq1s0_seed14,0.019219,apt,5,59760,9325,9325,0,38559,50435,11876,11876,47884,0.07292183374261048,0.056702023907912506,0.056702023907912506,,0.07743963595855659,0.07592073781138334,0.07098917889787258,0.07098917889787258,0.07340116314149335,0
ax1wm_cup_fq1s0_seed14,0.103685,apt,20,58860,9227,9227,0,37791,49633,11842,11842,47018,0.19684386118201705,0.10941303023258775,0.10941303023258775,,0.23820407388072784,0.21309764953191296,0.13297631170333157,0.13297631170333157,0.21292960538480307,0
ax1wm_cup_fq1s0_seed15,0.002803,apt,0,60060,9325,9325,0,38855,50735,11880,11880,48180,0.040709985238335994,0.0383424503128912,0.0383424503128912,,0.04346424132266097,0.04114513381781314,0.03356020771504691,0.03356020771504691,0.042472944079694944,0
ax1wm_cup_fq1s0_seed15,0.004602,apt,1,60000,9325,9325,0,38795,50675,11880,11880,48120,0.05038314745659226,0.04649662802599027,0.04649662802599027,,0.05371951603531791,0.05109832838782785,0.04253865037567492,0.04253865037567492,0.05231981880574642,0
ax1wm_cup_fq1s0_seed15,0.016858,apt,5,59760,9325,9325,0,38559,50435,11876,11876,47884,0.0710796187946551,0.05685175421644689,0.05685175421644689,,0.07957973204720366,0.07371022922772325,0.05465312589189085,0.05465312589189085,0.07515365249512349,0
ax1wm_cup_fq1s0_seed15,0.097092,apt,20,58860,9227,9227,0,37791,49633,11842,11842,47018,0.19282478631698793,0.11095299748808654,0.11095299748808654,,0.23813204459380014,0.20804512350241444,0.11202968396816704,0.11202968396816704,0.21317392073390778,0
ax1wm_cup_fq1s0_seed16,0.010245,apt,0,60060,9325,9325,0,38855,50735,11880,11880,48180,0.05038580225141804,0.04173110455221017,0.04173110455221017,,0.04890348950393156,0.0519765198240033,0.06202724314777329,0.06202724314777329,0.04751530997560441,0
ax1wm_cup_fq1s0_seed16,0.013093,apt,1,60000,9325,9325,0,38795,50675,11880,11880,48120,0.06111085607420477,0.05005285856973326,0.05005285856973326,,0.05896715234312717,0.06314570218627576,0.07679105918669236,0.07679105918669236,0.057239683734712825,0
ax1wm_cup_fq1s0_seed16,0.02133,apt,5,59760,9325,9325,0,38559,50435,11876,11876,47884,0.08084034384301748,0.06283898365730689,0.06283898365730689,,0.0832880639467002,0.08416864132951994,0.08702770021333153,0.08702770021333153,0.07930578022565365,0
ax1wm_cup_fq1s0_seed16,0.098455,apt,20,58860,9227,9227,0,37791,49633,11842,11842,47018,0.20008460525534938,0.11706358161841857,0.11706358161841857,,0.24166130640268396,0.2155185904083315,0.1320901678325355,0.1320901678325355,0.2172097515389208,0
ax1wm_cup_fq1s0_seed2,0.003904,apt,0,60060,9325,9325,0,38855,50735,11880,11880,48180,0.03695837331359426,0.0336608318680843,0.0336608318680843,,0.04003519625827719,0.0375644553867071,0.029483593722998698,0.029483593722998698,0.038801469651001376,0
ax1wm_cup_fq1s0_seed2,0.004431,apt,1,60000,9325,9325,0,38795,50675,11880,11880,48120,0.046333382352692694,0.04259130922087544,0.04259130922087544,,0.049594869147967624,0.047021982884595914,0.038620036538846325,0.038620036538846325,0.04823767471072459,0
ax1wm_cup_fq1s0_seed2,0.017382,apt,5,59760,9325,9325,0,38559,50435,11876,11876,47884,0.0677225623567586,0.05305268801406154,0.05305268801406154,,0.07720572683270996,0.07043489661363676,0.048451363233943,0.048451363233943,0.07250212882536101,0
ax1wm_cup_fq1s0_seed2,0.093041,apt,20,58860,9227,9227,0,37791,49633,11842,11842,47018,0.1862276949459905,0.10777174496646594,0.10777174496646594,,0.23152821940444135,0.20081301218373707,0.10279254299967736,0.10279254299967736,0.20724175486662177,0
ax1wm_cup_fq1s0_seed3,0.004195,apt,0,60060,9325,9325,0,38855,50735,11880,11880,48180,0.03985160758071521,0.036307832326171734,0.036307832326171734,,0.043318520692953895,0.04050294697656853,0.031294267115444495,0.031294267115444495,0.041961636736535385,0
ax1wm_cup_fq1s0_seed3,0.005889,apt,1,60000,9325,9325,0,38795,50675,11880,11880,48120,0.04877232822105088,0.04379862766228136,0.04379862766228136,,0.05257136999721757,0.04968756764306422,0.040270302295473376,0.040270302295473376,0.05087133212786428,0
ax1wm_cup_fq1s0_seed3,0.019062,apt,5,59760,9325,9325,0,38559,50435,11876,11876,47884,0.07010109024558615,0.0540132212827364,0.0540132212827364,,0.07952263597431876,0.07307559957598318,0.05214336006070684,0.05214336006070684,0.07455489535116686,0
ax1wm_cup_fq1s0_seed3,0.102898,apt,20,58860,9227,9227,0,37791,49633,11842,11842,47018,0.1898383692463662,0.10307102150713265,0.10307102150713265,,0.23338755535482536,0.2059688130557251,0.11846824809834465,0.11846824809834465,0.20781371857289802,0
ax1wm_cup_fq1s0_seed4,-0.009347,apt,0,60060,9325,9325,0,38855,50735,11880,11880,48180,0.042897738218002586,0.050793588598431576,0.050793588598431576,,0.044857212824546945,0.04144649539160068,0.030291324864906478,0.030291324864906478,0.0460061689078071,0
ax1wm_cup_fq1s0_seed4,-0.009637,apt,1,60000,9325,9325,0,38795,50675,11880,11880,48120,0.053274116766099104,0.06141299616778767,0.06141299616778767,,0.05496463542872554,0.05177643446869908,0.041365133438040304,0.041365133438040304,0.05621423983212858,0
ax1wm_cup_fq1s0_seed4,0.002102,apt,5,59760,9325,9325,0,38559,50435,11876,11876,47884,0.07273841022341875,0.07096400609341078,0.07096400609341078,,0.07958442155104989,0.07306648236602459,0.051904035663819216,0.051904035663819216,0.0779056692717398,0
ax1wm_cup_fq1s0_seed4,0.085473,apt,20,58860,9227,9227,0,37791,49633,11842,11842,47018,0.19452907254421165,0.12245490869245206,0.12245490869245206,,0.2397111506375392,0.20792798677184615,0.10649938132948791,0.10649938132948791,0.2167003176708601,0
ax1wm_cup_fq1s0_seed9,0.003496,apt,0,60060,9325,9325,0,38855,50735,11880,11880,48180,0.03793940953915819,0.03498659653238318,0.03498659653238318,,0.03875679518774426,0.03848213115713744,0.0375838086900307,0.0375838086900307,0.03802709194031292,0
ax1wm_cup_fq1s0_seed9,0.005602,apt,1,60000,9325,9325,0,38795,50675,11880,11880,48120,0.047602026870393305,0.04287055788381139,0.04287055788381139,,0.04871715557741982,0.04847269185904405,0.04767437788981943,0.04767437788981943,0.04758416464863972,0
ax1wm_cup_fq1s0_seed9,0.018036,apt,5,59760,9325,9325,0,38559,50435,11876,11876,47884,0.06785444895823142,0.05263311577270642,0.05263311577270642,,0.07363572852000515,0.07066874323710563,0.06103553462113035,0.06103553462113035,0.06954564908076531,0
ax1wm_cup_fq1s0_seed9,0.110995,apt,20,58860,9227,9227,0,37791,49633,11842,11842,47018,0.1912244699439675,0.09762962688956,0.09762962688956,,0.22845355023027858,0.2086241761245937,0.1453433218070848,0.1453433218070848,0.2027801413089121,0
ax1wm_cup_fq1s1_seed1,0.02564,apt,0,60060,9325,9325,0,38855,50735,11880,11880,48180,0.028015414399806083,0.0063565109435583375,0.0063565109435583375,,0.033678283901796446,0.03199628115312254,0.026495084452809018,0.026495084452809018,0.028390290277147828,0
ax1wm_cup_fq1s1_seed1,0.031981,apt,1,60000,9325,9325,0,38795,50675,11880,11880,48120,0.034901332071905974,0.00789053336209611,0.00789053336209611,,0.04149166713212486,0.03987174545067216,0.034581773932830635,0.034581773932830635,0.03498022547781234,0
ax1wm_cup_fq1s1_seed1,0.047828,apt,5,59760,9325,9325,0,38559,50435,11876,11876,47884,0.051276969733670144,0.010912036277467368,0.010912036277467368,,0.062868514176732,0.05874010058484673,0.045335966222308476,0.045335966222308476,0.05275043389081932,0
ax1wm_cup_fq1s1_seed1,0.13447,apt,20,58860,9227,9227,0,37791,49633,11842,11842,47018,0.1488478038138064,0.035457543732450664,0.035457543732450664,,0.19095934289506072,0.16992756787744692,0.1028095295654521,0.1028095295654521,0.1604430491166481,0
ax1wm_cup_fq1s1_seed10,0.015245,apt,0,60060,9325,9325,0,38855,50735,11880,11880,48180,0.018885264325275167,0.0060071152368192425,0.0060071152368192425,,0.021989701709585342,0.021252244521389317,0.01884030015713371,0.01884030015713371,0.018896351380433333,0
ax1wm_cup_fq1s1_seed10,0.020202,apt,1,60000,9325,9325,0,38795,50675,11880,11880,48120,0.024560464197431575,0.007498290144502376,0.007498290144502376,,0.02820447190715843,0.02770017358161638,0.026053350893114377,0.026053350893114377,0.02419189616034281,0
ax1wm_cup_fq1s1_seed10,0.036655,apt,5,59760,9325,9325,0,38559,50435,11876,11876,47884,0.04068458500091817,0.009748997681807986,0.009748997681807986,,0.049642766912346994,0.04640431042474492,0.03588968902819322,0.03588968902819322,0.0418737961063413,0
ax1wm_cup_fq1s1_seed10,0.12071,apt,20,58860,9227,9227,0,37791,49633,11842,11842,47018,0.1420184571762375,0.040230792702873615,0.040230792702873615,,0.17817504313047508,0.1609412460484743,0.10594357458031922,0.10594357458031922,0.15110431279963416,0
ax1wm_cup_fq1s1_seed11,0.015828,apt,0,60060,9325,9325,0,38855,50735,11880,11880,48180,0.027121302408613015,0.01375105316803303,0.01375105316803303,,0.03253043179131208,0.029578729710641367,0.019924825304542006,0.019924825304542006,0.02889577621509628,0
ax1wm_cup_fq1s1_seed11,0.0213,apt,1,60000,9325,9325,0,38795,50675,11880,11880,48120,0.0337530913852351,0.015763429600558,0.015763429600558,,0.0401987185180579,0.037063473154196405,0.026825102456300216,0.026825102456300216,0.03546349264200457,0
ax1wm_cup_fq1s1_seed11,0.038955,apt,5,59760,9325,9325,0,38559,50435,11876,11876,47884,0.05171279837417408,0.018836333913378224,0.018836333913378224,,0.06463953955731573,0.05779137537619492,0.03555675406768724,0.03555675406768724,0.05571975648510546,0
ax1wm_cup_fq1s1_seed11,0.126777,apt,20,58860,9227,9227,0,37791,49633,11842,11842,47018,0.1525111985168039,0.04560786393787343,0.04560786393787343,,0.19268085935130186,0.17238501368332196,0.10761552342503553,0.10761552342503553,0.16381866766557074,0
ax1wm_cup_fq1s1_seed12,0.016226,apt,0,60060,9325,9325,0,38855,50735,11880,11880,48180,0.018788236336534276,0.005081668224838286,0.005081668224838286,,0.022297581494770853,0.021307478430583063,0.01806922467982409,0.01806922467982409,0.01896552688202446,0
ax1wm_cup_fq1s1_seed12,0.021184,apt,1,60000,9325,9325,0,38795,50675,11880,11880,48120,0.02380282613480957,0.00591127875888433,0.00591127875888433,,0.02788336482308823,0.027095153303640408,0.024521191527800495,0.024521191527800495,0.023625474080180887,0
ax1wm_cup_fq1s1_seed12,0.036675,apt,5,59760,9325,9325,0,38559,50435,11876,11876,47884,0.038722785722582524,0.007770421786117757,0.007770421786117757,,0.04787984200496711,0.04444561299942468,0.03329535733887309,0.03329535733887309,0.04006887501096556,0
ax1wm_cup_fq1s1_seed12,0.109514,apt,20,58860,9227,9227,0,37791,49633,11842,11842,47018,0.12480669833683715,0.03245989579735607,0.03245989579735607,,0.1592102168244708,0.14197438812048496,0.08697023320135557,0.08697023320135557,0.13433622788157265,0
ax1wm_cup_fq1s1_seed13,0.015565,apt,0,60060,9325,9325,0,38855,50735,11880,11880,48180,0.021846120871854363,0.008697596077779868,0.008697596077779868,,0.02599820229740928,0.024262795627047907,0.01858693483774732,0.01858693483774732,0.022649755784373903,0
ax1wm_cup_fq1s1_seed13,0.021171,apt,1,60000,9325,9325,0,38795,50675,11880,11880,48120,0.02736786010620733,0.009487559191997506,0.009487559191997506,,0.03224136065468784,0.03065811774853602,0.02548792342663704,0.02548792342663704,0.0278319841243556,0
ax1wm_cup_fq1s1_seed13,0.03878,apt,5,59760,9325,9325,0,38559,50435,11876,11876,47884,0.04524014702952284,0.01251114724356101,0.01251114724356101,,0.056346408076141316,0.051291459074810704,0.03487904929522943,0.03487904929522943,0.04780986544679099,0
ax1wm_cup_fq1s1_seed13,0.12443,apt,20,58860,9227,9227,0,37791,49633,11842,11842,47018,0.14548026697048116,0.040556172085830205,0.040556172085830205,,0.1868861658977038,0.16498613249343314,0.09509724865786533,0.09509724865786533,0.15816978381207367,0
ax1wm_cup_fq1s1_seed14,0.012288,apt,0,60060,9325,9325,0,38855,50735,11880,11880,48180,0.015300774039143726,0.004920330137924854,0.004920330137924854,,0.01748027201942224,0.017208680600272454,0.016320407486546454,0.016320407486546454,0.015049357572660864,0
ax1wm_cup_fq1s1_seed14,0.017215,apt,1,60000,9325,9325,0,38795,50675,11880,11880,48120,0.02054206441345307,0.006002598989357905,0.006002598989357905,,0.023259191106107555,0.023217555584241174,0.02308159177356724,0.02308159177356724,0.01991509880584383,0
ax1wm_cup_fq1s1_seed14,0.031587,apt,5,59760,9325,9325,0,38559,50435,11876,11876,47884,0.03496431015926564,0.008306361148074799,0.008306361148074799,,0.042230309878326426,0.03989313685757742,0.03230480286405595,0.03230480286405595,0.03562391062367777,0
ax1wm_cup_fq1s1_seed14,0.110315,apt,20,58860,9227,9227,0,37791,49633,11842,11842,47018,0.13134522727281403,0.03832301238087764,0.03832301238087764,,0.1688125917440137,0.14863847927869517,0.08425747233925479,0.08425747233925479,0.14320479581939638,0
ax1wm_cup_fq1s1_seed15,0.012726,apt,0,60060,9325,9325,0,38855,50735,11880,11880,48180,0.018855849467587556,0.00810598458728217,0.00810598458728217,,0.02178659392897472,0.020831654927503745,0.01770840956536951,0.01770840956536951,0.019138779854435843,0
ax1wm_cup_fq1s1_seed15,0.017104,apt,1,60000,9325,9325,0,38795,50675,11880,11880,48120,0.023762350087337132,0.009316269183562426,0.009316269183562426,,0.027203374906031613,0.02642065703213633,0.02386463515353636,0.02386463515353636,0.02373709766450989,0
ax1wm_cup_fq1s1_seed15,0.032233,apt,5,59760,9325,9325,0,38559,50435,11876,11876,47884,0.040203510088500705,0.012999919862016167,0.012999919862016167,,0.048691304276467264,0.045233221179250556,0.03400551604742339,0.03400551604742339,0.04174071201882888,0
ax1wm_cup_fq1s1_seed15,0.112559,apt,20,58860,9227,9227,0,37791,49633,11842,11842,47018,0.13801165290118658,0.043097198748154465,0.043097198748154465,,0.1715866611043988,0.15565668077518224,0.10481983846633049,0.10481983846633049,0.1463713761250065,0
ax1wm_cup_fq1s1_seed16,0.016841,apt,0,60060,9325,9325,0,38855,50735,11880,11880,48180,0.021535706090748452,0.007309673016196907,0.007309673016196907,,0.025788232243221364,0.024150424892762708,0.018793774673733155,0.018793774673733155,0.02221179876891661,0
ax1wm_cup_fq1s1_seed16,0.023825,apt,1,60000,9325,9325,0,38795,50675,11880,11880,48120,0.028791030770354952,0.008668565725004655,0.008668565725004655,,0.034267538564158054,0.0324938820095832,0.0267018781346058,0.0267018781346058,0.029306806608108478,0
ax1wm_cup_fq1s1_seed16,0.04371,apt,5,59760,9325,9325,0,38559,50435,11876,11876,47884,0.04916880320663578,0.012278950267260131,0.012278950267260131,,0.06155056327157583,0.05598942140153375,0.03793350447942589,0.03793350447942589,0.05195533749124745,0
ax1wm_cup_fq1s1_seed16,0.127263,apt,20,58860,9227,9227,0,37791,49633,11842,11842,47018,0.150188574276552,0.04287520140702189,0.04287520140702189,,0.1947522812599045,0.17013861742258699,0.09158981062676987,0.09158981062676987,0.16494731686748995,0
ax1wm_cup_fq1s1_seed2,0.012266,apt,0,60060,9325,9325,0,38855,50735,11880,11880,48180,0.01620961092893547,0.005848401025154468,0.005848401025154468,,0.017906325859081043,0.018113982316592076,0.0187931482809516,0.0187931482809516,0.015572574321589025,0
ax1wm_cup_fq1s1_seed2,0.017377,apt,1,60000,9325,9325,0,38795,50675,11880,11880,48120,0.021627400016150693,0.006951443395229351,0.006951443395229351,,0.02379577545435506,0.024328007721924578,0.026066050720271332,0.026066050720271332,0.02053157353308849,0
ax1wm_cup_fq1s1_seed2,0.034789,apt,5,59760,9325,9325,0,38559,50435,11876,11876,47884,0.03869533401287416,0.009335229592662433,0.009335229592662433,,0.04663273472197529,0.044123766127843404,0.03597764622037195,0.03597764622037195,0.03936936417375789,0
ax1wm_cup_fq1s1_seed2,0.115808,apt,20,58860,9227,9227,0,37791,49633,11842,11842,47018,0.13740973573158294,0.03975581556494527,0.03975581556494527,,0.17374603883675613,0.1555640427728169,0.09754041388814134,0.09754041388814134,0.14745126257811053,0
ax1wm_cup_fq1s1_seed3,0.017269,apt,0,60060,9325,9325,0,38855,50735,11880,11880,48180,0.020676780136841884,0.006088888323301414,0.006088888323301414,,0.02402637238523887,0.023358007911775655,0.021172039762245902,0.021172039762245902,0.020554661325098422,0
ax1wm_cup_fq1s1_seed3,0.023515,apt,1,60000,9325,9325,0,38795,50675,11880,11880,48120,0.026753894552450412,0.006893759497203861,0.006893759497203861,,0.03071013359314089,0.030408472932128238,0.029423378206203513,0.029423378206203513,0.0260948449720974,0
ax1wm_cup_fq1s1_seed3,0.040366,apt,5,59760,9325,9325,0,38559,50435,11876,11876,47884,0.04314853711132678,0.009081605729252254,0.009081605729252254,,0.05244747840163896,0.049447221261973054,0.03970598557248354,0.03970598557248354,0.04400234510721899,0
ax1wm_cup_fq1s1_seed3,0.125724,apt,20,58860,9227,9227,0,37791,49633,11842,11842,47018,0.1393661993533815,0.033350860823709645,0.033350860823709645,,0.17757088507812321,0.1590749320234454,0.10004938212568074,0.10004938212568074,0.14926857184073597,0
ax1wm_cup_fq1s1_seed4,0.01407,apt,0,60060,9325,9325,0,38855,50735,11880,11880,48180,0.01700294487428342,0.005117844650725426,0.005117844650725426,,0.019552523390991717,0.01918740450934163,0.01799323833539263,0.01799323833539263,0.01675876292496882,0
ax1wm_cup_fq1s1_seed4,0.020161,apt,1,60000,9325,9325,0,38795,50675,11880,11880,48120,0.022995467693040065,0.005967430600709985,0.005967430600709985,,0.02643562109226116,0.026128895337558623,0.025127260181524523,0.025127260181524523,0.022469164809349386,0
ax1wm_cup_fq1s1_seed4,0.039584,apt,5,59760,9325,9325,0,38559,50435,11876,11876,47884,0.04196932694546125,0.008562321465582702,0.008562321465582702,,0.05213121557945439,0.048145996442831476,0.035206785876222925,0.035206785876222925,0.04364654559340784,0
ax1wm_cup_fq1s1_seed4,0.119302,apt,20,58860,9227,9227,0,37791,49633,11842,11842,47018,0.13839571691600958,0.03779555080912009,0.03779555080912009,,0.1765550253594737,0.15709774445148533,0.09500433938529824,0.09500433938529824,0.1493243121926841,0
ax1wm_cup_fq1s1_seed9,0.013753,apt,0,60060,9325,9325,0,38855,50735,11880,11880,48180,0.017960353582875493,0.006342511307911263,0.006342511307911263,,0.020964291459814384,0.02009569169688045,0.017254829425096103,0.017254829425096103,0.018134318443697808,0
ax1wm_cup_fq1s1_seed9,0.019318,apt,1,60000,9325,9325,0,38795,50675,11880,11880,48120,0.02380285272086097,0.007486832051638101,0.007486832051638101,,0.02765687308430717,0.026805258103012,0.02402424773269666,0.02402424773269666,0.023748194101978846,0
ax1wm_cup_fq1s1_seed9,0.036758,apt,5,59760,9325,9325,0,38559,50435,11876,11876,47884,0.041007493718735515,0.009984822007978603,0.009984822007978603,,0.05042194524264674,0.046743320301521445,0.03479955985146666,0.03479955985146666,0.04254716088538168,0
ax1wm_cup_fq1s1_seed9,0.118812,apt,20,58860,9227,9227,0,37791,49633,11842,11842,47018,0.14022184397268148,0.04003544764334189,0.04003544764334189,,0.1763186506087874,0.1588469498282779,0.10309006381272016,0.10309006381272016,0.14957389086226128,0
ax1wm_cup_fq2s0_seed1,0.017568,apt,0,60060,9325,9325,0,38855,50735,11880,11880,48180,0.02886214246688197,0.01402137724727832,0.01402137724727832,,0.028996852613431066,0.03158984791031952,0.040070557696565375,0.040070557696565375,0.026098423643124417,0
ax1wm_cup_fq2s0_seed1,0.021586,apt,1,60000,9325,9325,0,38795,50675,11880,11880,48120,0.03539601999426497,0.01716459393441862,0.01716459393441862,,0.03528320670988684,0.03875089020656032,0.05007486169254077,0.05007486169254077,0.031772066557533535,0
ax1wm_cup_fq2s0_seed1,0.042733,apt,5,59760,9325,9325,0,38559,50435,11876,11876,47884,0.05882167637376557,0.02275697199990538,0.02275697199990538,,0.061423875821366325,0.06548973165851318,0.07869075348611054,0.07869075348611054,0.05389382657453808,0
ax1wm_cup_fq2s0_seed1,0.155998,apt,20,58860,9227,9227,0,37791,49633,11842,11842,47018,0.19204593575778478,0.06050239891059119,0.06050239891059119,,0.20630643296761522,0.2165004763757014,0.24903240463401785,0.24903240463401785,0.17769326732373072,0
ax1wm_cup_fq2s0_seed2,0.013238,apt,0,60060,9325,9325,0,38855,50735,11880,11880,48180,0.025635483675450602,0.014452706351913492,0.014452706351913492,,0.026160220192712958,0.02769085764888085,0.03269699555792154,0.03269699555792154,0.023894288964704344,0
ax1wm_cup_fq2s0_seed2,0.016409,apt,1,60000,9325,9325,0,38795,50675,11880,11880,48120,0.030841566307666914,0.01698247913796189,0.01698247913796189,,0.031089467984380267,0.03339185713859932,0.04091047559297036,0.04091047559297036,0.028355725860671803,0
ax1wm_cup_fq2s0_seed2,0.029743,apt,5,59760,9325,9325,0,38559,50435,11876,11876,47884,0.047928051231825745,0.022825805276813053,0.022825805276813053,,0.053321146091482044,0.05256924174497124,0.05012795851011858,0.05012795851011858,0.04738243894302351,0
ax1wm_cup_fq2s0_seed2,0.121349,apt,20,58860,9227,9227,0,37791,49633,11842,11842,47018,0.1577877136218442,0.05546170301976469,0.05546170301976469,,0.19405488699392293,0.17681058348313386,0.12177938318113839,0.12177938318113839,0.16685680735358183,0
ax1wm_cup_fq2s0_seed3,0.013406,apt,0,60060,9325,9325,0,38855,50735,11880,11880,48180,0.029949050993704714,0.01862476020728407,0.01862476020728407,,0.0315931197298558,0.03203043488221112,0.033460727832107254,0.033460727832107254,0.02908315807464655,0
ax1wm_cup_fq2s0_seed3,0.017113,apt,1,60000,9325,9325,0,38795,50675,11880,11880,48120,0.03746366189066598,0.02301000078509575,0.02301000078509575,,0.03897451866894903,0.04012336371226326,0.04387500036675616,0.04387500036675616,0.03588081274070855,0
ax1wm_cup_fq2s0_seed3,0.033808,apt,5,59760,9325,9325,0,38559,50435,11876,11876,47884,0.05859203681944435,0.030059229175770783,0.030059229175770783,,0.06581609768796957,0.06386750883842435,0.05754083003667167,0.05754083003667167,0.058852752961625635,0
ax1wm_cup_fq2s0_seed3,0.119704,apt,20,58860,9227,9227,0,37791,49633,11842,11842,47018,0.1756599848146021,0.0747213608550145,0.0747213608550145,,0.21515755253319527,0.1944249332012625,0.12826158096573873,0.12826158096573873,0.1875977937043516,0
ax1wm_cup_fq2s0_seed4,0.018288,apt,0,60060,9325,9325,0,38855,50735,11880,11880,48180,0.03349778899348511,0.018049365455887464,0.018049365455887464,,0.03679111266513635,0.03633718092189938,0.03485254136941854,0.03485254136941854,0.033163740462433026,0
ax1wm_cup_fq2s0_seed4,0.022053,apt,1,60000,9325,9325,0,38795,50675,11880,11880,48120,0.04056758803141948,0.02194188385785505,0.02194188385785505,,0.043860903505165395,0.04399501164105911,0.044432951466984755,0.044432951466984755,0.03961329631041957,0
ax1wm_cup_fq2s0_seed4,0.040607,apt,5,59760,9325,9325,0,38559,50435,11876,11876,47884,0.07304025941076517,0.03876956093554595,0.03876956093554595,,0.08384969144854125,0.07937661835359096,0.06485344342363235,0.06485344342363235,0.07507072108195365,0
ax1wm_cup_fq2s0_seed4,0.147234,apt,20,58860,9227,9227,0,37791,49633,11842,11842,47018,0.2431134904395552,0.11896013876137604,0.11896013876137604,,0.30534874454932937,0.26619416208814706,0.14124138166334219,0.14124138166334219,0.2687711005490434,0
ax1wm_cup_fq2s1_seed1,0.037749,apt,0,60060,9325,9325,0,38855,50735,11880,11880,48180,0.04305429776315939,0.011166177647310623,0.011166177647310623,,0.05852967988919597,0.04891527578780292,0.01747018560601615,0.01747018560601615,0.04936270897998922,0
ax1wm_cup_fq2s1_seed1,0.051734,apt,1,60000,9325,9325,0,38795,50675,11880,11880,48120,0.057118615982085716,0.013424938197759875,0.013424938197759875,,0.07730525950396151,0.06515894248112546,0.02549426496421255,0.02549426496421255,0.06492612408874267,0
ax1wm_cup_fq2s1_seed1,0.0786,apt,5,59760,9325,9325,0,38559,50435,11876,11876,47884,0.08372292862611974,0.017387753118310274,0.017387753118310274,,0.11422653771480029,0.09598773504250367,0.03676998561162747,0.03676998561162747,0.09536801156071396,0
ax1wm_cup_fq2s1_seed1,0.178668,apt,20,58860,9227,9227,0,37791,49633,11842,11842,47018,0.21032245435030014,0.05966241707177946,0.05966241707177946,,0.2807447084468167,0.2383308391742864,0.10297679985000083,0.10297679985000083,0.23735863710142835,0
ax1wm_cup_fq2s1_seed2,0.026143,apt,0,60060,9325,9325,0,38855,50735,11880,11880,48180,0.03258191053140153,0.010498194853017251,0.010498194853017251,,0.04251849896946781,0.03664085699244289,0.01741730657011098,0.01741730657011098,0.03632112794651428,0
ax1wm_cup_fq2s1_seed2,0.034517,apt,1,60000,9325,9325,0,38795,50675,11880,11880,48120,0.042504182641351605,0.013351704226643288,0.013351704226643288,,0.0551712844805178,0.04786869889625353,0.024021577032488216,0.024021577032488216,0.0470672199363079,0
ax1wm_cup_fq2s1_seed2,0.058929,apt,5,59760,9325,9325,0,38559,50435,11876,11876,47884,0.06731193576440733,0.017577879165501766,0.017577879165501766,,0.0894196065004724,0.07650733732651291,0.03458377829327748,0.03458377829327748,0.0754290437363215,0
ax1wm_cup_fq2s1_seed2,0.159733,apt,20,58860,9227,9227,0,37791,49633,11842,11842,47018,0.19202237534892294,0.057329169394226574,0.057329169394226574,,0.2563362293938141,0.21706245375127586,0.09172929589726785,0.09172929589726785,0.2172822895704232,0
ax1wm_cup_fq2s1_seed3,0.034319,apt,0,60060,9325,9325,0,38855,50735,11880,11880,48180,0.041398075993967894,0.012407279156822585,0.012407279156822585,,0.05539273797510322,0.04672653131093606,0.01838263737691123,0.01838263737691123,0.04707311565296817,0
ax1wm_cup_fq2s1_seed3,0.048667,apt,1,60000,9325,9325,0,38795,50675,11880,11880,48120,0.0561782778950937,0.01507470971362638,0.01507470971362638,,0.07492999580669937,0.06374198333746534,0.027206718712555023,0.027206718712555023,0.06333085734414938,0
ax1wm_cup_fq2s1_seed3,0.073158,apt,5,59760,9325,9325,0,38559,50435,11876,11876,47884,0.08197725767042335,0.020234552056046577,0.020234552056046577,,0.1101401708650256,0.09339295569469346,0.03901809296710528,0.03901809296710528,0.0926318195285932,0
ax1wm_cup_fq2s1_seed3,0.179842,apt,20,58860,9227,9227,0,37791,49633,11842,11842,47018,0.2087864268475098,0.05713702457568994,0.05713702457568994,,0.28230319224416645,0.23697873911479334,0.09233624559915901,0.09233624559915901,0.23811568471349664,0
ax1wm_cup_fq2s1_seed4,0.02527,apt,0,60060,9325,9325,0,38855,50735,11880,11880,48180,0.031088922033729153,0.009742593252108795,0.009742593252108795,,0.04148011642934744,0.03501233813481538,0.013858674360906023,0.013858674360906023,0.035337476254425265,0
ax1wm_cup_fq2s1_seed4,0.036052,apt,1,60000,9325,9325,0,38795,50675,11880,11880,48120,0.043083835469822016,0.012634860428116717,0.012634860428116717,,0.05746356759398975,0.04868692757172437,0.02002617423302185,0.02002617423302185,0.04877637527641357,0
ax1wm_cup_fq2s1_seed4,0.057163,apt,5,59760,9325,9325,0,38559,50435,11876,11876,47884,0.06564542935658535,0.0174024491899308,0.0174024491899308,,0.08894503587942926,0.0745651436433714,0.027876505656662446,0.027876505656662446,0.07501272820088166,0
ax1wm_cup_fq2s1_seed4,0.154603,apt,20,58860,9227,9227,0,37791,49633,11842,11842,47018,0.18530784284705057,0.05494039095133306,0.05494039095133306,,0.24945359543489612,0.20954374393386352,0.0821806973137383,0.0821806973137383,0.21128154775592559,0
