run_id,arm,side,seed,head_trained,smoke,probeset_sha,probe_r2,probe_mse_all,n_probe_mse_all,probe_mse_in_regime,n_probe_mse_in_regime,probe_mse_out_regime,n_probe_mse_out_regime,probe_mse_rewarded,n_probe_mse_rewarded,probe_mse_unrewarded,n_probe_mse_unrewarded,cons_err_all,n_cons_err_all,cons_err_in_regime,n_cons_err_in_regime,cons_err_out_regime,n_cons_err_out_regime,cons_err_rewarded,n_cons_err_rewarded,cons_err_unrewarded,n_cons_err_unrewarded,rew_head_mse_all,n_rew_head_mse_all,rew_head_mse_in_regime,n_rew_head_mse_in_regime,rew_head_mse_out_regime,n_rew_head_mse_out_regime,rew_head_mse_rewarded,n_rew_head_mse_rewarded,rew_head_mse_unrewarded,n_rew_head_mse_unrewarded
tm2wm_finger_awareq1s0_seed1,aware,0,1,1,0,a78fe58ca526b51c9fd567b9627e6524eef9df55d918d49ac3f24994c452c786,0.6250332294199903,0.024301837427178598,30030,0.06426879335601646,2094,0.02130603252615532,27936,0.06259899291049276,2092,0.0214341429153634,27938,0.00013517370232363343,60000,0.00017990041846390422,5440,0.00013071414704865042,54560,0.00017990041846390422,5440,0.00013071414704865042,54560,0.020802921571035093,60000,0.19449583334649048,5440,0.0034845667312536164,54560,0.19449583334649048,5440,0.0034845667312536164,54560
tm2wm_finger_awareq1s0_seed10,aware,0,10,1,0,a78fe58ca526b51c9fd567b9627e6524eef9df55d918d49ac3f24994c452c786,0.6331787033578558,0.02377392402541467,30030,0.12481647967068317,2094,0.016200072667983675,27936,0.12285562411480262,2092,0.0163546772437195,27938,0.00012000132799297869,60000,0.00015302635018210085,5440,0.00011670851053130668,54560,0.00015302635018210085,5440,0.00011670851053130668,54560,0.014709695264159169,60000,0.10107272776090455,5440,0.006098718416976348,54560,0.10107272776090455,5440,0.006098718416976348,54560
tm2wm_finger_awareq1s0_seed11,aware,0,11,1,0,a78fe58ca526b51c9fd567b9627e6524eef9df55d918d49ac3f24994c452c786,0.6366338918963492,0.02354999103526507,30030,0.07500524257924393,2094,0.019693057446594834,27936,0.07348247575683073,2092,0.019811042003927273,27938,0.00011616933203244268,60000,0.00014622489785568526,5440,0.00011317258939904019,54560,0.00014622489785568526,5440,0.00011317258939904019,54560,0.011667652657747095,60000,0.06346110195689268,5440,0.006503496422641672,54560,0.06346110195689268,5440,0.006503496422641672,54560
tm2wm_finger_awareq1s0_seed12,aware,0,12,1,0,a78fe58ca526b51c9fd567b9627e6524eef9df55d918d49ac3f24994c452c786,0.7011378688425396,0.019369446826699502,30030,0.0450199959890873,2094,0.017446757467233575,27936,0.04391302765784345,2092,0.017531621245099056,27938,0.00010700700885151945,60000,0.00013731724691455957,5440,0.0001039848736780785,54560,0.00013731724691455957,5440,0.0001039848736780785,54560,0.016519426981755698,60000,0.10170267708640345,5440,0.008026082396541553,54560,0.10170267708640345,5440,0.008026082396541553,54560
tm2wm_finger_awareq1s0_seed13,aware,0,13,1,0,a78fe58ca526b51c9fd567b9627e6524eef9df55d918d49ac3f24994c452c786,0.6040444574040886,0.025662133232957803,30030,0.10240766066094924,2094,0.019909515305043497,27936,0.10060544149884358,2092,0.020050371442842795,27938,0.00013762366883584036,60000,0.00020098636722590366,5440,0.00013130598043331206,54560,0.00020098636722590366,5440,0.00013130598043331206,54560,0.015287028793177983,60000,0.1289827023754093,5440,0.003950803274715033,54560,0.1289827023754093,5440,0.003950803274715033,54560
tm2wm_finger_awareq1s0_seed14,aware,0,14,1,0,a78fe58ca526b51c9fd567b9627e6524eef9df55d918d49ac3f24994c452c786,0.596596914814949,0.026144813255385653,30030,0.09739977203891037,2094,0.02080375212663778,27936,0.09616906770209277,2092,0.020901390665990883,27938,0.00014291084055026508,60000,0.00020108359841632296,5440,0.00013711062422344406,54560,0.00020108359841632296,5440,0.00013711062422344406,54560,0.01365550050194812,60000,0.11095165579441137,5440,0.003954417569561755,54560,0.11095165579441137,5440,0.003954417569561755,54560
tm2wm_finger_awareq1s0_seed15,aware,0,15,1,0,a78fe58ca526b51c9fd567b9627e6524eef9df55d918d49ac3f24994c452c786,0.6430646000456575,0.023133212706496414,30030,0.056175689422811294,2094,0.020656446303147207,27936,0.054787713357396545,2092,0.02076292079720859,27938,0.00014535768310488492,60000,0.0001960295966064089,5440,0.00014030535155341333,54560,0.0001960295966064089,5440,0.00014030535155341333,54560,0.015060121026402395,60000,0.1054819054058214,5440,0.006044459240771175,54560,0.1054819054058214,5440,0.006044459240771175,54560
tm2wm_finger_awareq1s0_seed16,aware,0,16,1,0,a78fe58ca526b51c9fd567b9627e6524eef9df55d918d49ac3f24994c452c786,0.6577470102584955,0.02218163626285685,30030,0.05378653694326326,2094,0.019812626310652844,27936,0.05247282224902817,2092,0.019913429480586445,27938,0.0001054752264332971,60000,0.00014244990608377147,5440,0.00010178860148280991,54560,0.00014244990608377147,5440,0.00010178860148280991,54560,0.017374328388117116,60000,0.09709652537139846,5440,0.009425487633185839,54560,0.09709652537139846,5440,0.009425487633185839,54560
tm2wm_finger_awareq1s0_seed2,aware,0,2,1,0,a78fe58ca526b51c9fd567b9627e6524eef9df55d918d49ac3f24994c452c786,0.5872979450553968,0.02674748546281174,30030,0.06745305348741898,2094,0.023696316381929452,27936,0.06624029099593116,2092,0.023790260565707946,27938,0.0001326681519088576,60000,0.00017156861526493284,5440,0.00012878951333376507,54560,0.00017156861526493284,5440,0.00012878951333376507,54560,0.015385735246304787,60000,0.1409561748983035,5440,0.002865515456955938,54560,0.1409561748983035,5440,0.002865515456955938,54560
tm2wm_finger_awareq1s0_seed3,aware,0,3,1,0,a78fe58ca526b51c9fd567b9627e6524eef9df55d918d49ac3f24994c452c786,0.5973617198712715,0.026095245748074317,30030,0.08206199658378832,2094,0.021900143505448846,27936,0.08054390073650958,2092,0.022018125473330003,27938,0.0001334058287983377,60000,0.0001848019631991934,5440,0.00012828128753842834,54560,0.0001848019631991934,5440,0.00012828128753842834,54560,0.015141076552260907,60000,0.14190446719950336,5440,0.0025019115023892256,54560,0.14190446719950336,5440,0.0025019115023892256,54560
tm2wm_finger_awareq1s0_seed4,aware,0,4,1,0,a78fe58ca526b51c9fd567b9627e6524eef9df55d918d49ac3f24994c452c786,0.6284767898199757,0.024078658064160197,30030,0.08270857510158929,2094,0.019683932753579707,27936,0.08117515432340398,2092,0.019803267192432153,27938,0.00014431750491049417,60000,0.00017878481767167267,5440,0.00014088088135072858,54560,0.00017878481767167267,5440,0.00014088088135072858,54560,0.009295411599501816,60000,0.06230398844783903,5440,0.004010098951867021,54560,0.06230398844783903,5440,0.004010098951867021,54560
tm2wm_finger_awareq1s0_seed5,aware,0,5,1,0,a78fe58ca526b51c9fd567b9627e6524eef9df55d918d49ac3f24994c452c786,0.6173078200691624,0.02480252617304219,30030,0.0756141000456133,2094,0.020993840760343028,27936,0.0739261604164332,2092,0.02112414393962627,27938,0.00014504653765218335,60000,0.00019371531673872302,5440,0.000140193932112763,54560,0.00019371531673872302,5440,0.000140193932112763,54560,0.013259775387949245,60000,0.11676411804931713,5440,0.0029396943014785475,54560,0.11676411804931713,5440,0.0029396943014785475,54560
tm2wm_finger_awareq1s0_seed6,aware,0,6,1,0,a78fe58ca526b51c9fd567b9627e6524eef9df55d918d49ac3f24994c452c786,0.5993469558829789,0.025966581326060417,30030,0.08446373816029391,2094,0.021581807327961732,27936,0.08335646294638024,2092,0.021669221731611673,27938,0.00013543798292303108,60000,0.0001873812381377855,5440,0.00013025889002771834,54560,0.0001873812381377855,5440,0.00013025889002771834,54560,0.016463258340299675,60000,0.13719983749139292,5440,0.004425007046642284,54560,0.13719983749139292,5440,0.004425007046642284,54560
tm2wm_finger_awareq1s0_seed7,aware,0,7,1,0,a78fe58ca526b51c9fd567b9627e6524eef9df55d918d49ac3f24994c452c786,0.6444033006696279,0.023046450658549943,30030,0.07929721141993963,2094,0.018830059871237877,27936,0.07732531052050327,2092,0.018982044658435178,27938,0.00014324544932182258,60000,0.00019005492462766558,5440,0.0001385782289100963,54560,0.00019005492462766558,5440,0.0001385782289100963,54560,0.010757527382050042,60000,0.08392746318713964,5440,0.00346199126072146,54560,0.08392746318713964,5440,0.00346199126072146,54560
tm2wm_finger_awareq1s0_seed8,aware,0,8,1,0,a78fe58ca526b51c9fd567b9627e6524eef9df55d918d49ac3f24994c452c786,0.7039224249669658,0.019188977954383207,30030,0.055572982310255835,2094,0.016461740514477803,27936,0.05429362312635287,2092,0.016560338907215887,27938,0.0001338530518852925,60000,0.00019777943295580638,5440,0.00012747916051755796,54560,0.00019777943295580638,5440,0.00012747916051755796,54560,0.010611432885283852,60000,0.08419698563098199,5440,0.003274456951695183,54560,0.08419698563098199,5440,0.003274456951695183,54560
tm2wm_finger_awareq1s0_seed9,aware,0,9,1,0,a78fe58ca526b51c9fd567b9627e6524eef9df55d918d49ac3f24994c452c786,0.6425688385198685,0.023165343329654663,30030,0.0654369737010678,2094,0.019996786843481294,27936,0.06418357323966903,2092,0.020093894515432094,27938,0.00011100115168362285,60000,0.0001398613241111862,5440,0.00010812359783454028,54560,0.0001398613241111862,5440,0.00010812359783454028,54560,0.019883875210198205,60000,0.16085286717589808,5440,0.005828315893970066,54560,0.16085286717589808,5440,0.005828315893970066,54560
tm2wm_finger_awareq1s1_seed1,aware,1,1,1,0,a78fe58ca526b51c9fd567b9627e6524eef9df55d918d49ac3f24994c452c786,0.6921747992419676,0.019950349128907936,30030,0.08523910070438645,2094,0.015056497260385165,27936,0.08436759523616741,2092,0.015126779837749411,27938,0.0001899109475374947,60000,0.000254513728427743,5440,0.00018346961454550513,54560,0.000254513728427743,5440,0.00018346961454550513,54560,0.00777181942464635,60000,0.017465466162111094,5440,0.0068052974625530905,54560,0.017465466162111094,5440,0.0068052974625530905,54560
tm2wm_finger_awareq1s1_seed10,aware,1,10,1,0,a78fe58ca526b51c9fd567b9627e6524eef9df55d918d49ac3f24994c452c786,0.7915701038261247,0.013508475548236412,30030,0.05447816321549487,2094,0.010437508839500759,27936,0.05348011129850611,2092,0.010515395800596489,27938,0.0001767781141857256,60000,0.00017248720655879712,5440,0.00017720594661773607,54560,0.00017248720655879712,5440,0.00017720594661773607,54560,0.010556474896592645,60000,0.020450364848930373,5440,0.009569987335362488,54560,0.020450364848930373,5440,0.009569987335362488,54560
tm2wm_finger_awareq1s1_seed11,aware,1,11,1,0,a78fe58ca526b51c9fd567b9627e6524eef9df55d918d49ac3f24994c452c786,0.7551581055485381,0.01586836056197205,30030,0.05940944058573751,2094,0.012604649881496502,27936,0.058470530312776776,2092,0.012678306187332365,27938,0.00019448880529060944,60000,0.0001865495282334497,5440,0.0001952804047625843,54560,0.0001865495282334497,5440,0.0001952804047625843,54560,0.009555511379761041,60000,0.01985997553767987,5440,0.008528086800965612,54560,0.01985997553767987,5440,0.008528086800965612,54560
tm2wm_finger_awareq1s1_seed12,aware,1,12,1,0,a78fe58ca526b51c9fd567b9627e6524eef9df55d918d49ac3f24994c452c786,0.7784738909711586,0.014357249521516265,30030,0.05338194518728977,2094,0.011432073665125591,27936,0.05231077603613518,2092,0.011515285978364183,27938,0.00018712345800360027,60000,0.0001836505273192803,5440,0.00018746973261728612,54560,0.0001836505273192803,5440,0.00018746973261728612,54560,0.00871746967318352,60000,0.018922757477700097,5440,0.007699933645753717,54560,0.018922757477700097,5440,0.007699933645753717,54560
tm2wm_finger_awareq1s1_seed13,aware,1,13,1,0,a78fe58ca526b51c9fd567b9627e6524eef9df55d918d49ac3f24994c452c786,0.7386604780448873,0.016937582405037538,30030,0.05368366763534858,2094,0.014183204452851424,27936,0.0524572839685797,2092,0.014277863897237043,27938,0.00018151923675610912,60000,0.00022049586854543977,5440,0.000177633003674475,54560,0.00022049586854543977,5440,0.000177633003674475,54560,0.00883836273696879,60000,0.013885668675830796,5440,0.008335112291451757,54560,0.013885668675830796,5440,0.008335112291451757,54560
tm2wm_finger_awareq1s1_seed14,aware,1,14,1,0,a78fe58ca526b51c9fd567b9627e6524eef9df55d918d49ac3f24994c452c786,0.7283341879268961,0.01760683590524805,30030,0.08113114375901112,2094,0.012845241523597856,27936,0.07983098029825232,2092,0.01294748627141009,27938,0.00017978731049649165,60000,0.00020797625980937,5440,0.00017697668211925452,54560,0.00020797625980937,5440,0.00017697668211925452,54560,0.007624944580980963,60000,0.013991083134396967,5440,0.0069901976284409495,54560,0.013991083134396967,5440,0.0069901976284409495,54560
tm2wm_finger_awareq1s1_seed15,aware,1,15,1,0,a78fe58ca526b51c9fd567b9627e6524eef9df55d918d49ac3f24994c452c786,0.7649081997811071,0.015236450687470236,30030,0.06716053064436978,2094,0.011344375106508481,27936,0.06582434402350959,2092,0.011448424599024594,27938,0.00018328661540183096,60000,0.0002215917907517785,5440,0.00017946733105608838,54560,0.0002215917907517785,5440,0.00017946733105608838,54560,0.008559850636303844,60000,0.01590017060201685,5440,0.00782797122623275,54560,0.01590017060201685,5440,0.00782797122623275,54560
tm2wm_finger_awareq1s1_seed16,aware,1,16,1,0,a78fe58ca526b51c9fd567b9627e6524eef9df55d918d49ac3f24994c452c786,0.717455531162662,0.018311888642858796,30030,0.08171533631537577,2094,0.013559353583213514,27936,0.0803583452998989,2092,0.013665844282971618,27938,0.0001802575016273181,60000,0.00020102492660448528,5440,0.00017818684928355363,54560,0.00020102492660448528,5440,0.00017818684928355363,54560,0.008960381530297917,60000,0.014819447130087616,5440,0.008376193171374604,54560,0.014819447130087616,5440,0.008376193171374604,54560
tm2wm_finger_awareq1s1_seed2,aware,1,2,1,0,a78fe58ca526b51c9fd567b9627e6524eef9df55d918d49ac3f24994c452c786,0.8072041970947059,0.012495219914019246,30030,0.05038343791777179,2094,0.00965523106451116,27936,0.049497811965389854,2092,0.00972446243061072,27938,0.0001833723856171673,60000,0.00023570792985263807,5440,0.00017815417886055145,54560,0.00023570792985263807,5440,0.00017815417886055145,54560,0.006742721170677083,60000,0.010463796051801835,5440,0.006371704906869922,54560,0.010463796051801835,5440,0.006371704906869922,54560
tm2wm_finger_awareq1s1_seed3,aware,1,3,1,0,a78fe58ca526b51c9fd567b9627e6524eef9df55d918d49ac3f24994c452c786,0.7910108095332233,0.01354472377086961,30030,0.057719369604451974,2094,0.010233522869683992,27936,0.056663863835118226,2092,0.010315958611788498,27938,0.00019359687903865202,60000,0.00023459474972201754,5440,0.000189509114806293,54560,0.00023459474972201754,5440,0.000189509114806293,54560,0.009345739888338546,60000,0.016818605382919072,5440,0.00860064479503726,54560,0.016818605382919072,5440,0.00860064479503726,54560
tm2wm_finger_awareq1s1_seed4,aware,1,4,1,0,a78fe58ca526b51c9fd567b9627e6524eef9df55d918d49ac3f24994c452c786,0.733941053612043,0.017243451336141573,30030,0.07472032101044526,2094,0.012935155048269581,27936,0.07362085894978279,2092,0.013021905888087403,27938,0.0001923434443124582,60000,0.00022675059259393707,5440,0.00018891281955712015,54560,0.00022675059259393707,5440,0.00018891281955712015,54560,0.007630452962602556,60000,0.020597802961124248,5440,0.006337520704685438,54560,0.020597802961124248,5440,0.006337520704685438,54560
tm2wm_finger_awareq1s1_seed5,aware,1,5,1,0,a78fe58ca526b51c9fd567b9627e6524eef9df55d918d49ac3f24994c452c786,0.7568866809332382,0.015756330480174066,30030,0.06436760143654366,2094,0.01211257327145994,27936,0.06323921854591742,2092,0.012200807470884386,27938,0.00020346490304204963,60000,0.00025866669671046336,5440,0.00019796091188449517,54560,0.00025866669671046336,5440,0.00019796091188449517,54560,0.0062587688376629985,60000,0.01858078970987093,5440,0.005030180246299156,54560,0.01858078970987093,5440,0.005030180246299156,54560
tm2wm_finger_awareq1s1_seed6,aware,1,6,1,0,a78fe58ca526b51c9fd567b9627e6524eef9df55d918d49ac3f24994c452c786,0.7796206165989472,0.014282929496472467,30030,0.059766983962813706,2094,0.010873579193905223,27936,0.058800469879827566,2092,0.010949451993359186,27938,0.00017648451702438782,60000,0.00021862622070655975,5440,0.00017228270492704515,54560,0.00021862622070655975,5440,0.00017228270492704515,54560,0.008518110948489912,60000,0.020458856809514647,5440,0.007327538047390671,54560,0.020458856809514647,5440,0.007327538047390671,54560
tm2wm_finger_awareq1s1_seed7,aware,1,7,1,0,a78fe58ca526b51c9fd567b9627e6524eef9df55d918d49ac3f24994c452c786,0.7870182746121055,0.013803482525479402,30030,0.0388244360176506,2094,0.011927985796792169,27936,0.03788715602386818,2092,0.012000094847097652,27938,0.00017880317532900183,60000,0.000220942525851342,5440,0.00017460159785756617,54560,0.000220942525851342,5440,0.00017460159785756617,54560,0.009630975474912387,60000,0.011100961275258876,5440,0.009484407975757609,54560,0.011100961275258876,5440,0.009484407975757609,54560
tm2wm_finger_awareq1s1_seed8,aware,1,8,1,0,a78fe58ca526b51c9fd567b9627e6524eef9df55d918d49ac3f24994c452c786,0.7969217383067007,0.013161632677558913,30030,0.05826280167154678,2094,0.009780982338447708,27936,0.05695329719135658,2092,0.009882508826071163,27938,0.00017480046347395729,60000,0.0002125461189905309,5440,0.00017103696702948953,54560,0.0002125461189905309,5440,0.00017103696702948953,54560,0.006084484500509958,60000,0.020306557576260115,5440,0.004666447888851586,54560,0.020306557576260115,5440,0.004666447888851586,54560
tm2wm_finger_awareq1s1_seed9,aware,1,9,1,0,a78fe58ca526b51c9fd567b9627e6524eef9df55d918d49ac3f24994c452c786,0.7401340128531122,0.016842081666939124,30030,0.06995397586355895,2094,0.012860971040946786,27936,0.06870097032859925,2092,0.01295888333204783,27938,0.00018934104162220063,60000,0.0001948326818687964,5440,0.00018879348804922626,54560,0.0001948326818687964,5440,0.00018879348804922626,54560,0.009071083801113294,60000,0.015715108107809374,5440,0.008408629764668522,54560,0.015715108107809374,5440,0.008408629764668522,54560
tm2wm_finger_freeq1s0_seed1,free,0,1,0,0,a78fe58ca526b51c9fd567b9627e6524eef9df55d918d49ac3f24994c452c786,-0.23811330880653703,0.08024291939389978,30030,0.436056622473198,2094,0.0535721757567273,27936,0.43607561289373986,2092,0.05359813469915908,27938,9.057426671505482e-05,60000,9.064761018088481e-05,5440,9.056695387681957e-05,54560,9.064761018088481e-05,5440,9.056695387681957e-05,54560,0.09066666666666667,60000,1.0,5440,0.0,54560,1.0,5440,0.0,54560
tm2wm_finger_freeq1s0_seed10,free,0,10,0,0,a78fe58ca526b51c9fd567b9627e6524eef9df55d918d49ac3f24994c452c786,-0.23246069030327288,0.07987656955524156,30030,0.4361105889647399,2094,0.05317432024812923,27936,0.43586467122775435,2092,0.05322014788229085,27938,0.00011030881854498678,60000,0.00010360785735017811,5440,0.00011097694957320818,54560,0.00010360785735017811,5440,0.00011097694957320818,54560,0.09066666666666667,60000,1.0,5440,0.0,54560,1.0,5440,0.0,54560
tm2wm_finger_freeq1s0_seed11,free,0,11,0,0,a78fe58ca526b51c9fd567b9627e6524eef9df55d918d49ac3f24994c452c786,-0.3032902348657709,0.08446707786704846,30030,0.5089143494441541,2094,0.052651764769881385,27936,0.5092039545890825,2092,0.05266274161883832,27938,0.00010847648125105707,60000,0.00010581717737561376,5440,0.00010874163178409247,54560,0.00010581717737561376,5440,0.00010874163178409247,54560,0.09066666666666667,60000,1.0,5440,0.0,54560,1.0,5440,0.0,54560
tm2wm_finger_freeq1s0_seed12,free,0,12,0,0,a78fe58ca526b51c9fd567b9627e6524eef9df55d918d49ac3f24994c452c786,-0.205594384301367,0.07813534699379371,30030,0.43328200155538904,2094,0.05151460334216212,27936,0.43341508717170296,2092,0.051531967494467125,27938,0.00011752765979099043,60000,0.00010931710588772435,5440,0.00011834630739424863,54560,0.00010931710588772435,5440,0.00011834630739424863,54560,0.09066666666666667,60000,1.0,5440,0.0,54560,1.0,5440,0.0,54560
tm2wm_finger_freeq1s0_seed13,free,0,13,0,0,a78fe58ca526b51c9fd567b9627e6524eef9df55d918d49ac3f24994c452c786,-0.3054158836833656,0.08460484253326823,30030,0.4815875863465296,2094,0.05484818927063331,27936,0.48166837746975333,2092,0.05487268865370897,27938,9.145480045190197e-05,60000,9.431196648827555e-05,5440,9.116992172686766e-05,54560,9.431196648827555e-05,5440,9.116992172686766e-05,54560,0.09066666666666667,60000,1.0,5440,0.0,54560,1.0,5440,0.0,54560
tm2wm_finger_freeq1s0_seed14,free,0,14,0,0,a78fe58ca526b51c9fd567b9627e6524eef9df55d918d49ac3f24994c452c786,-0.23837831596098424,0.08026009467792418,30030,0.40034177643885344,2094,0.056267717758988534,27936,0.40047078034667116,2092,0.056282689193672665,27938,9.911132628702338e-05,60000,9.747038253502015e-05,5440,9.927493944704716e-05,54560,9.747038253502015e-05,5440,9.927493944704716e-05,54560,0.09066666666666667,60000,1.0,5440,0.0,54560,1.0,5440,0.0,54560
tm2wm_finger_freeq1s0_seed15,free,0,15,0,0,a78fe58ca526b51c9fd567b9627e6524eef9df55d918d49ac3f24994c452c786,-0.17130560515339588,0.07591306917663812,30030,0.4443578884830476,2094,0.04829553439615339,27936,0.44457201830497517,2092,0.048307853285146925,27938,9.881880496292297e-05,60000,0.0001017283418456279,5440,9.852870451127496e-05,54560,0.0001017283418456279,5440,9.852870451127496e-05,54560,0.09066666666666667,60000,1.0,5440,0.0,54560,1.0,5440,0.0,54560
tm2wm_finger_freeq1s0_seed16,free,0,16,0,0,a78fe58ca526b51c9fd567b9627e6524eef9df55d918d49ac3f24994c452c786,-0.2899482618866225,0.08360237602214754,30030,0.41559538354449677,2094,0.058717161325992064,27936,0.41560363729565186,2092,0.05874209115622403,27938,0.00011377894876263023,60000,0.00010804570145682767,5440,0.00011435059218901523,54560,0.00010804570145682767,5440,0.00011435059218901523,54560,0.09066666666666667,60000,1.0,5440,0.0,54560,1.0,5440,0.0,54560
tm2wm_finger_freeq1s0_seed2,free,0,2,0,0,a78fe58ca526b51c9fd567b9627e6524eef9df55d918d49ac3f24994c452c786,-0.21023847611162227,0.07843633356920449,30030,0.4625482598773028,2094,0.04964443874928903,27936,0.46255211983712186,2092,0.0496737082963688,27938,9.379703402861423e-05,60000,9.998081845017904e-05,5440,9.318046901297434e-05,54560,9.998081845017904e-05,5440,9.318046901297434e-05,54560,0.09066666666666667,60000,1.0,5440,0.0,54560,1.0,5440,0.0,54560
tm2wm_finger_freeq1s0_seed3,free,0,3,0,0,a78fe58ca526b51c9fd567b9627e6524eef9df55d918d49ac3f24994c452c786,-0.21703342401139114,0.07887671851033115,30030,0.43131714593965614,2094,0.052458825646749876,27936,0.43150309345134336,2092,0.05247202324307518,27938,0.00010098550507876022,60000,9.668818995804179e-05,5440,0.00010141397638111925,54560,9.668818995804179e-05,5440,0.00010141397638111925,54560,0.09066666666666667,60000,1.0,5440,0.0,54560,1.0,5440,0.0,54560
tm2wm_finger_freeq1s0_seed4,free,0,4,0,0,a78fe58ca526b51c9fd567b9627e6524eef9df55d918d49ac3f24994c452c786,-0.30069513937787096,0.08429888806036934,30030,0.4580869947095051,2094,0.05628083625183232,27936,0.4583921036178369,2092,0.05628675380071503,27938,0.00010509753225215377,60000,0.00010616346704219214,5440,0.00010499125136399745,54560,0.00010616346704219214,5440,0.00010499125136399745,54560,0.09066666666666667,60000,1.0,5440,0.0,54560,1.0,5440,0.0,54560
tm2wm_finger_freeq1s0_seed5,free,0,5,0,0,a78fe58ca526b51c9fd567b9627e6524eef9df55d918d49ac3f24994c452c786,-0.2977842283119263,0.08411023004307319,30030,0.42410059543567125,2094,0.058625557035767197,27936,0.42413817481359856,2092,0.05864890638139594,27938,0.00011450269735530582,60000,0.0001157427455521041,5440,0.0001143790561861236,54560,0.0001157427455521041,5440,0.0001143790561861236,54560,0.09066666666666667,60000,1.0,5440,0.0,54560,1.0,5440,0.0,54560
tm2wm_finger_freeq1s0_seed6,free,0,6,0,0,a78fe58ca526b51c9fd567b9627e6524eef9df55d918d49ac3f24994c452c786,-0.2235705299783488,0.07930039255005342,30030,0.4747794424014305,2094,0.049656451742894785,27936,0.47483238176042897,2092,0.04968292095480301,27938,9.237352225996271e-05,60000,9.856284119987389e-05,5440,9.175640541551409e-05,54560,9.856284119987389e-05,5440,9.175640541551409e-05,54560,0.09066666666666667,60000,1.0,5440,0.0,54560,1.0,5440,0.0,54560
tm2wm_finger_freeq1s0_seed7,free,0,7,0,0,a78fe58ca526b51c9fd567b9627e6524eef9df55d918d49ac3f24994c452c786,-0.31824680089461843,0.08543642252534894,30030,0.46019641972501735,2094,0.05734552067339785,27936,0.46016367609368536,2092,0.057376811441342934,27938,0.00010046804726295401,60000,9.590847983042582e-05,5440,0.00010092266688965771,54560,9.590847983042582e-05,5440,0.00010092266688965771,54560,0.09066666666666667,60000,1.0,5440,0.0,54560,1.0,5440,0.0,54560
tm2wm_finger_freeq1s0_seed8,free,0,8,0,0,a78fe58ca526b51c9fd567b9627e6524eef9df55d918d49ac3f24994c452c786,-0.2058656783713535,0.07815292973685538,30030,0.4370262511929073,2094,0.051252846148332594,27936,0.43707689712867387,2092,0.05127667016982538,27938,0.00010010654736931884,60000,0.00010851009609370641,5440,9.926865688067022e-05,54560,0.00010851009609370641,5440,9.926865688067022e-05,54560,0.09066666666666667,60000,1.0,5440,0.0,54560,1.0,5440,0.0,54560
tm2wm_finger_freeq1s0_seed9,free,0,9,0,0,a78fe58ca526b51c9fd567b9627e6524eef9df55d918d49ac3f24994c452c786,-0.14223015517619908,0.07402867057413015,30030,0.38987390102656494,2094,0.0503538455251826,27936,0.38992579119104237,2092,0.050374265236218324,27938,0.0001089789844299806,60000,0.00011730127995807539,5440,0.00010814919543304446,54560,0.00011730127995807539,5440,0.00010814919543304446,54560,0.09066666666666667,60000,1.0,5440,0.0,54560,1.0,5440,0.0,54560
tm2wm_finger_freeq1s1_seed1,free,1,1,0,0,a78fe58ca526b51c9fd567b9627e6524eef9df55d918d49ac3f24994c452c786,-0.15976958279276943,0.07516541215217541,30030,0.3372623969977208,2094,0.05551939675030787,27936,0.3371526746753436,2092,0.05554778192816269,27938,0.00014432181358526653,60000,0.00010214943593943397,5440,0.00014852668408367798,54560,0.00010214943593943397,5440,0.00014852668408367798,54560,0.09066666666666667,60000,1.0,5440,0.0,54560,1.0,5440,0.0,54560
tm2wm_finger_freeq1s1_seed10,free,1,10,0,0,a78fe58ca526b51c9fd567b9627e6524eef9df55d918d49ac3f24994c452c786,-0.12154333497669767,0.07268794445966426,30030,0.28351687058831654,2094,0.05688483122536451,27936,0.2828122356853782,2092,0.056953818278685175,27938,0.00014944268865879168,60000,0.00010759191043991269,5440,0.00015361549352519016,54560,0.00010759191043991269,5440,0.00015361549352519016,54560,0.09066666666666667,60000,1.0,5440,0.0,54560,1.0,5440,0.0,54560
tm2wm_finger_freeq1s1_seed11,free,1,11,0,0,a78fe58ca526b51c9fd567b9627e6524eef9df55d918d49ac3f24994c452c786,-0.1725118193648687,0.07599124469502933,30030,0.30646381869667483,2094,0.05871570166956235,27936,0.3060813813972369,2092,0.05876207417527064,27938,0.00017457162480401584,60000,0.00011744578493866865,5440,0.00018026745634484225,54560,0.00011744578493866865,5440,0.00018026745634484225,54560,0.09066666666666667,60000,1.0,5440,0.0,54560,1.0,5440,0.0,54560
tm2wm_finger_freeq1s1_seed12,free,1,12,0,0,a78fe58ca526b51c9fd567b9627e6524eef9df55d918d49ac3f24994c452c786,0.0039386231034163055,0.06455537809761036,30030,0.20046418179730535,2094,0.05436805582716501,27936,0.20018332798076155,2092,0.05439954478257162,27938,0.0001737060443369747,60000,0.00012433745544772906,5440,0.00017862842563384963,54560,0.00012433745544772906,5440,0.00017862842563384963,54560,0.09066666666666667,60000,1.0,5440,0.0,54560,1.0,5440,0.0,54560
tm2wm_finger_freeq1s1_seed13,free,1,13,0,0,a78fe58ca526b51c9fd567b9627e6524eef9df55d918d49ac3f24994c452c786,-0.11779686015386637,0.07244513301819004,30030,0.31088883436598885,2094,0.054572097844138974,27936,0.3104206220703054,2092,0.05462550659192383,27938,0.00017572409475444413,60000,0.0001135218689835473,5440,0.00018192607620960686,54560,0.0001135218689835473,5440,0.00018192607620960686,54560,0.09066666666666667,60000,1.0,5440,0.0,54560,1.0,5440,0.0,54560
tm2wm_finger_freeq1s1_seed14,free,1,14,0,0,a78fe58ca526b51c9fd567b9627e6524eef9df55d918d49ac3f24994c452c786,-0.17927085997669656,0.07642930246174359,30030,0.34061156705760687,2094,0.05662698065247462,27936,0.3405997759477799,2092,0.056648193200780454,27938,0.00016481414863175322,60000,0.00011401893818831402,5440,0.00016987877371995536,54560,0.00011401893818831402,5440,0.00016987877371995536,54560,0.09066666666666667,60000,1.0,5440,0.0,54560,1.0,5440,0.0,54560
tm2wm_finger_freeq1s1_seed15,free,1,15,0,0,a78fe58ca526b51c9fd567b9627e6524eef9df55d918d49ac3f24994c452c786,-0.2662491335212376,0.08206642027916117,30030,0.30797327180643097,2094,0.06513311031717295,27936,0.30743291243590654,2092,0.06519095669580119,27938,0.00013705913586194355,60000,9.435677380580768e-05,5440,0.00014131684938073716,54560,9.435677380580768e-05,5440,0.00014131684938073716,54560,0.09066666666666667,60000,1.0,5440,0.0,54560,1.0,5440,0.0,54560
tm2wm_finger_freeq1s1_seed16,free,1,16,0,0,a78fe58ca526b51c9fd567b9627e6524eef9df55d918d49ac3f24994c452c786,-0.18628913895876464,0.07688416163386963,30030,0.3637801276964371,2094,0.055379287889059485,27936,0.36341691865519016,2092,0.05542856253269551,27938,0.00016100109711402033,60000,0.00011228570708455516,5440,0.00016585835007883502,54560,0.00011228570708455516,5440,0.00016585835007883502,54560,0.09066666666666667,60000,1.0,5440,0.0,54560,1.0,5440,0.0,54560
tm2wm_finger_freeq1s1_seed2,free,1,2,0,0,a78fe58ca526b51c9fd567b9627e6524eef9df55d918d49ac3f24994c452c786,-0.16985979558810116,0.0758193653293556,30030,0.3156643552555176,2094,0.05784129370473563,27936,0.31528508242100856,2092,0.05788815049093703,27938,0.0001703241839534485,60000,0.00011655586310201263,5440,0.00017568524820256527,54560,0.00011655586310201263,5440,0.00017568524820256527,54560,0.09066666666666667,60000,1.0,5440,0.0,54560,1.0,5440,0.0,54560
tm2wm_finger_freeq1s1_seed3,free,1,3,0,0,a78fe58ca526b51c9fd567b9627e6524eef9df55d918d49ac3f24994c452c786,-0.3352942495609439,0.0865412786313884,30030,0.3535105805062197,2094,0.06653004874429301,27936,0.353267918498166,2092,0.06656876339761009,27938,0.0001571799936218421,60000,0.00010497599562292655,5440,0.0001623850843314114,54560,0.00010497599562292655,5440,0.0001623850843314114,54560,0.09066666666666667,60000,1.0,5440,0.0,54560,1.0,5440,0.0,54560
tm2wm_finger_freeq1s1_seed4,free,1,4,0,0,a78fe58ca526b51c9fd567b9627e6524eef9df55d918d49ac3f24994c452c786,-0.21392520922266756,0.07867527311193633,30030,0.37677667198378184,2094,0.05633047323945478,27936,0.37646785449577636,2092,0.0563765373307425,27938,0.00015773692688049058,60000,0.00010778384976178171,5440,0.00016271758559613896,54560,0.00010778384976178171,5440,0.00016271758559613896,54560,0.09066666666666667,60000,1.0,5440,0.0,54560,1.0,5440,0.0,54560
tm2wm_finger_freeq1s1_seed5,free,1,5,0,0,a78fe58ca526b51c9fd567b9627e6524eef9df55d918d49ac3f24994c452c786,-0.1976827762562312,0.07762259059086488,30030,0.36123881585089834,2094,0.05636355652390789,27936,0.3612313224834398,2092,0.056385942759263945,27938,0.0001455760605382674,60000,0.00010544384615317547,5440,0.00014957751299895107,54560,0.00010544384615317547,5440,0.00014957751299895107,54560,0.09066666666666667,60000,1.0,5440,0.0,54560,1.0,5440,0.0,54560
tm2wm_finger_freeq1s1_seed6,free,1,6,0,0,a78fe58ca526b51c9fd567b9627e6524eef9df55d918d49ac3f24994c452c786,-0.17313496989020538,0.07603163148113297,30030,0.3316009133217766,2094,0.05687491340501944,27936,0.3308403261389548,2092,0.0569515330766601,27938,0.00014798116536960418,60000,0.00010467526164520075,5440,0.00015229905606353294,54560,0.00010467526164520075,5440,0.00015229905606353294,54560,0.09066666666666667,60000,1.0,5440,0.0,54560,1.0,5440,0.0,54560
tm2wm_finger_freeq1s1_seed7,free,1,7,0,0,a78fe58ca526b51c9fd567b9627e6524eef9df55d918d49ac3f24994c452c786,-0.12247967668872817,0.07274862936789453,30030,0.3014757082725177,2094,0.055603923496392496,27936,0.30145580322520776,2092,0.05562301523268445,27938,0.00013842789667896038,60000,9.559535375842642e-05,5440,0.0001426985901079872,54560,9.559535375842642e-05,5440,0.0001426985901079872,54560,0.09066666666666667,60000,1.0,5440,0.0,54560,1.0,5440,0.0,54560
tm2wm_finger_freeq1s1_seed8,free,1,8,0,0,a78fe58ca526b51c9fd567b9627e6524eef9df55d918d49ac3f24994c452c786,-0.14159208621362418,0.07398731691451961,30030,0.2874187141742789,2094,0.05798913013538389,27936,0.28730156387944367,2092,0.05801432655548816,27938,0.0001406660612784151,60000,9.551417901146037e-05,5440,0.00014516800848391793,54560,9.551417901146037e-05,5440,0.00014516800848391793,54560,0.09066666666666667,60000,1.0,5440,0.0,54560,1.0,5440,0.0,54560
tm2wm_finger_freeq1s1_seed9,free,1,9,0,0,a78fe58ca526b51c9fd567b9627e6524eef9df55d918d49ac3f24994c452c786,-0.2800799413567625,0.08296280382532331,30030,0.35565587902431184,2094,0.06252253680546785,27936,0.355513439321434,2092,0.06255418726515925,27938,0.00015069218844102655,60000,0.00010436078200283184,5440,0.00015531174216213686,54560,0.00010436078200283184,5440,0.00015531174216213686,54560,0.09066666666666667,60000,1.0,5440,0.0,54560,1.0,5440,0.0,54560
