run_id,deter_std,err_diff,expl_mode,horizon,n_all,n_in_norew,n_in_regime,n_in_rew,n_out_norew,n_out_regime,n_out_rew,n_rewarded,n_unrewarded,nll_all,nll_in_norew,nll_in_regime,nll_in_rew,nll_out_norew,nll_out_regime,nll_out_rew,nll_rewarded,nll_unrewarded,rew_nll_all,rew_nll_in,rew_nll_out,reward_aware
ax1wm_finger_pepxq1ms0_seed1,0.2440608038779109,-1.682087,task,0,120120,7,8721,8714,111399,111399,0,8714,111406,34.90729241645856,96.30097089494977,36.467256270695025,36.41919154698952,34.785168835701135,34.785168835701135,,36.41919154698952,34.78903407289137,3.4609700066320626,47.62744607351718,0.0033461699790846037,1
ax1wm_finger_pepxq1ms0_seed1,0.2440608038779109,-1.637012,task,1,120000,0,8714,8714,111286,111286,0,8714,111286,36.15255307320555,,37.67069076911719,37.67069076911719,36.03367871450658,36.03367871450658,,37.67069076911719,36.03367871450658,3.4552251604999107,47.5343911710794,0.0037051794044479958,1
ax1wm_finger_pepxq1ms0_seed1,0.2440608038779109,-1.304531,task,5,119520,0,8686,8686,110834,110834,0,8686,110834,39.29964076453543,,40.50936641137007,40.50936641137007,39.20483522680869,39.20483522680869,,40.50936641137007,39.20483522680869,3.454677888193483,47.496174966701574,0.0031698344922610833,1
ax1wm_finger_pepxq1ms0_seed1,0.2440608038779109,-0.367466,task,20,117720,0,8560,8560,109160,109160,0,8560,109160,47.14770283833516,,47.48844820870974,47.48844820870974,47.12098260775247,47.12098260775247,,47.48844820870974,47.12098260775247,3.4584513402632253,47.53753976486971,0.0019013502061388876,1
ax1wm_finger_pepxq1ms0_seed2,0.2523416800454695,-2.637947,task,0,120120,7,8721,8714,111399,111399,0,8714,111406,32.00925402710964,89.76128387451172,34.45567950517838,34.41125223520072,31.817732769340385,31.817732769340385,,34.41125223520072,31.821373550427005,3.835882781070846,52.80143605738027,0.0025576154706653596,1
ax1wm_finger_pepxq1ms0_seed2,0.2523416800454695,-2.524086,task,1,120000,0,8714,8714,111286,111286,0,8714,111286,33.212830307463804,,35.55362590765061,35.55362590765061,33.02953957134221,33.02953957134221,,35.55362590765061,33.02953957134221,3.8456530776073534,52.92742554946369,0.002415246076378021,1
ax1wm_finger_pepxq1ms0_seed2,0.2523416800454695,-2.255129,task,5,119520,0,8686,8686,110834,110834,0,8686,110834,36.601688836923884,,38.69292884539438,38.69292884539438,36.43779950049666,36.43779950049666,,38.69292884539438,36.43779950049666,3.850399666469559,52.94920776028554,0.0025529127397865407,1
ax1wm_finger_pepxq1ms0_seed2,0.2523416800454695,-1.009661,task,20,117720,0,8560,8560,109160,109160,0,8560,109160,44.001610394298645,,44.93785394084788,44.93785394084788,43.92819298170739,43.92819298170739,,44.93785394084788,43.92819298170739,3.86262760723261,53.084197375637906,0.0028196444481709535,1
ax1wm_finger_pepxq1ms0_seed3,0.2351211257689172,2.054409,task,0,120120,7,8721,8714,111399,111399,0,8714,111406,27.171637704693552,93.76786041259766,25.266383834722298,25.211356254271855,27.320792715061863,27.320792715061863,,25.211356254271855,27.324967799652303,3.426155396331321,47.1634933546505,0.0021271345470900583,1
ax1wm_finger_pepxq1ms0_seed3,0.2351211257689172,2.160201,task,1,120000,0,8714,8714,111286,111286,0,8714,111286,28.384993489406508,,26.38165918878385,26.38165918878385,28.541860077257862,28.541860077257862,,26.38165918878385,28.541860077257862,3.431213853763044,47.22580957446236,0.0019765093515827785,1
ax1wm_finger_pepxq1ms0_seed3,0.2351211257689172,2.540151,task,5,119520,0,8686,8686,110834,110834,0,8686,110834,31.725498866021553,,29.369950444062074,29.369950444062074,31.910101908347375,31.910101908347375,,29.369950444062074,31.910101908347375,3.431440807900914,47.18782574494204,0.0022768368889571015,1
ax1wm_finger_pepxq1ms0_seed3,0.2351211257689172,3.824577,task,20,117720,0,8560,8560,109160,109160,0,8560,109160,39.560384364151204,,36.013910921572524,36.013910921572524,39.83848818119475,39.83848818119475,,36.013910921572524,39.83848818119475,3.4280923142922886,47.112309312360864,0.0025069579028873575,1
ax1wm_finger_pepxq1ms0_seed4,0.2295984508706761,3.61812,task,0,120120,7,8721,8714,111399,111399,0,8714,111406,27.89288301551457,108.52689143589565,24.537446932212543,24.469977789278666,28.15556722347404,28.15556722347404,,24.469977789278666,28.160617214223972,2.639468051178571,36.289361820850004,0.005147064766623471,1
ax1wm_finger_pepxq1ms0_seed4,0.2295984508706761,3.816945,task,1,120000,0,8714,8714,111286,111286,0,8714,111286,29.04331633197069,,25.503545553908044,25.503545553908044,29.320490123463223,29.320490123463223,,25.503545553908044,29.320490123463223,2.6413865012203654,36.322521352339756,0.004060969772974387,1
ax1wm_finger_pepxq1ms0_seed4,0.2295984508706761,4.190297,task,5,119520,0,8686,8686,110834,110834,0,8686,110834,32.25480538981467,,28.369033715622287,28.369033715622287,32.55933119202369,32.55933119202369,,28.369033715622287,32.55933119202369,2.6423094241808815,36.3063744320769,0.0040750497237221905,1
ax1wm_finger_pepxq1ms0_seed4,0.2295984508706761,4.458234,task,20,117720,0,8560,8560,109160,109160,0,8560,109160,40.4644612592801,,36.33040693856288,36.33040693856288,40.78864140755181,40.78864140755181,,36.33040693856288,40.78864140755181,2.6435063736989837,36.30729623267723,0.0036928779784468515,1
ax1wm_finger_pepxq1ms0_seed5,0.22981549950460878,4.480938,task,0,120120,7,8721,8714,111399,111399,0,8714,111406,26.854755220602165,104.26857103620257,22.69914398490255,22.633618854152136,27.18008206901675,27.18008206901675,,22.633618854152136,27.184925788589936,2.012785123488604,27.723237071722394,1.2554250577500766e-05,1
ax1wm_finger_pepxq1ms0_seed5,0.22981549950460878,4.66521,task,1,120000,0,8714,8714,111286,111286,0,8714,111286,28.016810946073136,,23.69037255834269,23.69037255834269,28.355582975894343,28.355582975894343,,23.69037255834269,28.355582975894343,2.012960564273596,27.71868558761202,0.00013156643585330674,1
ax1wm_finger_pepxq1ms0_seed5,0.22981549950460878,5.130058,task,5,119520,0,8686,8686,110834,110834,0,8686,110834,31.21146080109928,,26.454224879226185,26.454224879226185,31.58428278007134,31.58428278007134,,26.454224879226185,31.58428278007134,2.013050389912234,27.699036380126405,5.370738701338778e-05,1
ax1wm_finger_pepxq1ms0_seed5,0.22981549950460878,5.741949,task,20,117720,0,8560,8560,109160,109160,0,8560,109160,38.895699132110565,,33.57127572428957,33.57127572428957,39.31322445613904,39.31322445613904,,33.57127572428957,39.31322445613904,2.0140165298205024,27.694640735780524,0.00021895558985217056,1
ax1wm_finger_pepxq1ms0_seed6,0.25386602677976455,2.3891,task,0,120120,7,8721,8714,111399,111399,0,8714,111406,29.110450982716017,107.21283939906529,26.894805033208854,26.83028515249265,29.283905397258806,29.283905397258806,,26.83028515249265,29.288801924717045,2.632209505175516,36.146421571476935,0.008510518378375199,1
ax1wm_finger_pepxq1ms0_seed6,0.25386602677976455,2.568877,task,1,120000,0,8714,8714,111286,111286,0,8714,111286,30.259187767358622,,27.876853995621957,27.876853995621957,30.44573105660357,30.44573105660357,,27.876853995621957,30.44573105660357,2.6340582408577204,36.17196577650597,0.007947802297264703,1
ax1wm_finger_pepxq1ms0_seed6,0.25386602677976455,3.033732,task,5,119520,0,8686,8686,110834,110834,0,8686,110834,33.71339221394644,,30.900134161818062,30.900134161818062,33.93386570981222,33.93386570981222,,30.900134161818062,33.93386570981222,2.6376253221587964,36.18403289334828,0.008611696706751854,1
ax1wm_finger_pepxq1ms0_seed6,0.25386602677976455,4.242628,task,20,117720,0,8560,8560,109160,109160,0,8560,109160,42.0872318564367,,38.15310646777398,38.15310646777398,42.39573417713066,42.39573417713066,,38.15310646777398,42.39573417713066,2.638926305995784,36.18960336897278,0.007982776689415844,1
ax1wm_finger_pepxq1ms0_seed7,0.2180127611596337,5.316655,task,0,120120,7,8721,8714,111399,111399,0,8714,111406,26.098194094870117,102.15409851074219,21.16754061239956,21.102483703369444,26.48419602505464,26.48419602505464,,21.102483703369444,26.48895061024215,2.9747452394791813,40.90735607048935,0.005146777578808002,1
ax1wm_finger_pepxq1ms0_seed7,0.2180127611596337,5.410994,task,1,120000,0,8714,8714,111286,111286,0,8714,111286,27.2865646338284,,22.26849878852127,22.26849878852127,27.679492996569504,27.679492996569504,,22.26849878852127,27.679492996569504,2.981282642084857,40.975151440112015,0.006258176240018986,1
ax1wm_finger_pepxq1ms0_seed7,0.2180127611596337,5.689362,task,5,119520,0,8686,8686,110834,110834,0,8686,110834,30.708255520147812,,25.432362416881364,25.432362416881364,31.12172437893638,31.12172437893638,,25.432362416881364,31.12172437893638,2.9844791357695977,40.986462862541565,0.006284442347531317,1
ax1wm_finger_pepxq1ms0_seed7,0.2180127611596337,7.207622,task,20,117720,0,8560,8560,109160,109160,0,8560,109160,38.88028059530088,,32.19676031247478,32.19676031247478,39.404382222462765,39.404382222462765,,32.19676031247478,39.404382222462765,2.986466603644377,41.00558857151142,0.00512101876949731,1
ax1wm_finger_pepxq1ms0_seed8,0.2447206454917529,6.598476,task,0,120120,7,8721,8714,111399,111399,0,8714,111406,26.563415501298724,105.9818365914481,20.444005096468572,20.375292126481785,27.042480646771516,27.042480646771516,,20.375292126481785,27.04744066231478,3.0300312356138246,41.66675562965748,0.0053104262667501255,1
ax1wm_finger_pepxq1ms0_seed8,0.2447206454917529,6.749536,task,1,120000,0,8714,8714,111286,111286,0,8714,111286,27.74037644840479,,21.48096929339058,21.48096929339058,28.23050525120832,28.23050525120832,,21.48096929339058,28.23050525120832,3.0347832815478246,41.722468046398376,0.005431116487460444,1
ax1wm_finger_pepxq1ms0_seed8,0.2447206454917529,7.069216,task,5,119520,0,8686,8686,110834,110834,0,8686,110834,31.19296045379546,,24.637492619844288,24.637492619844288,31.70670888483377,31.70670888483377,,24.637492619844288,31.70670888483377,3.037458920416982,41.72559016521642,0.005491221043794117,1
ax1wm_finger_pepxq1ms0_seed8,0.2447206454917529,7.728346,task,20,117720,0,8560,8560,109160,109160,0,8560,109160,39.55150598064394,,32.38512597749723,32.38512597749723,40.11347201973276,40.11347201973276,,32.38512597749723,40.11347201973276,3.039969888937603,41.729346350162665,0.006064955737836285,1
ax1wm_finger_pepxq1ms1_seed1,0.17755357485755202,6.056781,task,0,120120,7,8721,8714,111399,111399,0,8714,111406,33.26850818058788,94.74689047677177,27.65146355412447,27.597565460429433,33.70824503807661,33.70824503807661,,27.597565460429433,33.71208029397011,8.847257767599249,6.7146649178856075,9.014210273836762,1
ax1wm_finger_pepxq1ms1_seed1,0.17755357485755202,6.372254,task,1,120000,0,8714,8714,111286,111286,0,8714,111286,34.49873670981725,,28.589214319068684,28.589214319068684,34.961468572881635,34.961468572881635,,28.589214319068684,34.961468572881635,9.09210216991625,6.896996909799942,9.263984951547844,1
ax1wm_finger_pepxq1ms1_seed1,0.17755357485755202,7.200935,task,5,119520,0,8686,8686,110834,110834,0,8686,110834,37.693301067058464,,31.015687477429452,31.015687477429452,38.21662199420643,38.21662199420643,,31.015687477429452,38.21662199420643,9.21458953718884,6.868573095971144,9.398445563393947,1
ax1wm_finger_pepxq1ms1_seed1,0.17755357485755202,10.604078,task,20,117720,0,8560,8560,109160,109160,0,8560,109160,45.79470942968865,,35.961706080336434,35.961706080336434,46.565784078556874,46.565784078556874,,35.961706080336434,46.565784078556874,9.513581278618625,6.831183616810034,9.723926862945133,1
ax1wm_finger_pepxq1ms1_seed2,0.18115674776310142,12.531737,task,0,120120,7,8721,8714,111399,111399,0,8714,111406,31.098312144759017,96.69287545340401,19.476409523329348,19.414381148127315,32.00814627936963,32.00814627936963,,19.414381148127315,32.01221063051965,8.714011514849547,4.998570523408558,9.004879124849248,1
ax1wm_finger_pepxq1ms1_seed2,0.18115674776310142,12.982027,task,1,120000,0,8714,8714,111286,111286,0,8714,111286,32.25158334220846,,20.212267620891286,20.212267620891286,33.194294888993845,33.194294888993845,,20.212267620891286,33.194294888993845,8.763567018575998,5.06848183872094,9.052902355071666,1
ax1wm_finger_pepxq1ms1_seed2,0.18115674776310142,14.166171,task,5,119520,0,8686,8686,110834,110834,0,8686,110834,35.462862494236816,,22.326204066943003,22.326204066943003,36.492375234907314,36.492375234907314,,22.326204066943003,36.492375234907314,8.857900833014563,4.97823169271627,9.16194838297785,1
ax1wm_finger_pepxq1ms1_seed2,0.18115674776310142,17.480908,task,20,117720,0,8560,8560,109160,109160,0,8560,109160,43.43107308605436,,27.221288227923562,27.221288227923562,44.702195826853185,44.702195826853185,,27.221288227923562,44.702195826853185,9.001309996431505,4.677669746658513,9.340356904988274,1
ax1wm_finger_pepxq1ms1_seed3,0.17914232986206238,7.428939,task,0,120120,7,8721,8714,111399,111399,0,8714,111406,31.72718379106416,93.17840685163226,24.83760377985118,24.782705269235795,32.26654255799913,32.26654255799913,,24.782705269235795,32.27036984782244,8.21337502619104,4.6769490763485235,8.490228235901869,1
ax1wm_finger_pepxq1ms1_seed3,0.17914232986206238,7.790973,task,1,120000,0,8714,8714,111286,111286,0,8714,111286,33.05431546717386,,25.829096783362097,25.829096783362097,33.620069970082895,33.620069970082895,,25.829096783362097,33.620069970082895,8.241000570186538,4.776147373586667,8.512308108917118,1
ax1wm_finger_pepxq1ms1_seed3,0.17914232986206238,9.026582,task,5,119520,0,8686,8686,110834,110834,0,8686,110834,36.42223587991842,,28.051651884547145,28.051651884547145,37.07823397241526,37.07823397241526,,28.051651884547145,37.07823397241526,8.315288613615945,4.777449729357231,8.592547113252078,1
ax1wm_finger_pepxq1ms1_seed3,0.17914232986206238,13.019854,task,20,117720,0,8560,8560,109160,109160,0,8560,109160,44.698563073260054,,32.62544689962519,32.62544689962519,45.64530065521603,45.64530065521603,,32.62544689962519,45.64530065521603,8.580371986874932,4.673659024714866,8.88672470724952,1
ax1wm_finger_pepxq1ms1_seed4,0.17832429083474227,11.679323,task,0,120120,7,8721,8714,111399,111399,0,8714,111406,29.66701133286322,93.72986275809151,18.83563563219794,18.77547272309979,30.514958150029457,30.514958150029457,,18.77547272309979,30.518930147338907,10.66909831338517,3.8095967711391916,11.206102352469248,1
ax1wm_finger_pepxq1ms1_seed4,0.17832429083474227,12.120328,task,1,120000,0,8714,8714,111286,111286,0,8714,111286,30.86753431440393,,19.62734395792267,19.62734395792267,31.747672146353842,31.747672146353842,,19.62734395792267,31.747672146353842,10.709541922944599,3.8242831366281593,11.248676630490573,1
ax1wm_finger_pepxq1ms1_seed4,0.17832429083474227,13.373695,task,5,119520,0,8686,8686,110834,110834,0,8686,110834,34.142233252756725,,21.740458704182938,21.740458704182938,35.1141535455271,35.1141535455271,,21.740458704182938,35.1141535455271,10.73344961760542,3.7341730465420704,11.281979096792819,1
ax1wm_finger_pepxq1ms1_seed4,0.17832429083474227,17.455095,task,20,117720,0,8560,8560,109160,109160,0,8560,109160,42.57600340105383,,26.390153991507592,26.390153991507592,43.8452491957196,43.8452491957196,,26.390153991507592,43.8452491957196,10.80655012295236,3.4379450343758147,11.384374047084052,1
ax1wm_finger_pepxq1ms1_seed5,0.17630248456928066,12.89284,task,0,120120,7,8721,8714,111399,111399,0,8714,111406,30.719970094718974,100.39565059116909,18.76318136233144,18.697605589482936,31.65602117718068,31.65602117718068,,18.697605589482936,31.660340310852995,9.33727684558428,4.168950023652217,9.74188530898224,1
ax1wm_finger_pepxq1ms1_seed5,0.17630248456928066,13.390832,task,1,120000,0,8714,8714,111286,111286,0,8714,111286,31.838923178652923,,19.420488890524656,19.420488890524656,32.811320752352664,32.811320752352664,,19.420488890524656,32.811320752352664,9.461855297641208,4.150017334974658,9.877786825476482,1
ax1wm_finger_pepxq1ms1_seed5,0.17630248456928066,14.838398,task,5,119520,0,8686,8686,110834,110834,0,8686,110834,35.140835351527855,,21.380803307766687,21.380803307766687,36.219201541795364,36.219201541795364,,21.380803307766687,36.219201541795364,9.529864594454027,4.144288052529639,9.951929284379098,1
ax1wm_finger_pepxq1ms1_seed5,0.17630248456928066,18.459397,task,20,117720,0,8560,8560,109160,109160,0,8560,109160,43.425170556528,,26.3080469768181,26.3080469768181,44.767444080184255,44.767444080184255,,26.3080469768181,44.767444080184255,9.831283241800769,4.115323587722868,10.279511664656273,1
ax1wm_finger_pepxq1ms1_seed6,0.17562993892264103,11.837117,task,0,120120,7,8721,8714,111399,111399,0,8714,111406,31.684840192977006,100.84617832728794,20.707126502418802,20.64275039927741,32.54424324951574,32.54424324951574,,20.64275039927741,32.54853488143453,11.034258111346253,3.969184753456297,11.587355578596032,1
ax1wm_finger_pepxq1ms1_seed6,0.17562993892264103,12.208215,task,1,120000,0,8714,8714,111286,111286,0,8714,111286,32.91549965302944,,21.593804514487456,21.593804514487456,33.802019533672606,33.802019533672606,,21.593804514487456,33.802019533672606,11.168209269725113,4.01091287181633,11.728645270761875,1
ax1wm_finger_pepxq1ms1_seed6,0.17562993892264103,13.075132,task,5,119520,0,8686,8686,110834,110834,0,8686,110834,36.305674810593864,,24.180765454735646,24.180765454735646,37.25589732954098,37.25589732954098,,24.180765454735646,37.25589732954098,11.263260814893652,4.032984135737212,11.829893646291534,1
ax1wm_finger_pepxq1ms1_seed6,0.17562993892264103,15.764667,task,20,117720,0,8560,8560,109160,109160,0,8560,109160,44.017280387633356,,29.398939689826744,29.398939689826744,45.163606847629914,45.163606847629914,,29.398939689826744,45.163606847629914,11.574155891829461,3.7510203127131283,12.1876227346037,1
ax1wm_finger_pepxq1ms1_seed7,0.16951472798680894,15.842385,task,0,120120,7,8721,8714,111399,111399,0,8714,111406,32.09202855067217,88.51876613071987,17.399839050520207,17.34270885892491,33.24222365682954,33.24222365682954,,17.34270885892491,33.2456968611212,8.601159529522764,4.1151390647603865,8.9523528478936,1
ax1wm_finger_pepxq1ms1_seed7,0.16951472798680894,16.344167,task,1,120000,0,8714,8714,111286,111286,0,8714,111286,33.42261061436335,,18.265302738848973,18.265302738848973,34.609469525881714,34.609469525881714,,18.265302738848973,34.609469525881714,8.645910192039997,4.267061224149569,8.988786114493829,1
ax1wm_finger_pepxq1ms1_seed7,0.16951472798680894,17.429924,task,5,119520,0,8686,8686,110834,110834,0,8686,110834,36.82803000675507,,20.664808429717578,20.664808429717578,38.09473284720247,38.09473284720247,,20.664808429717578,38.09473284720247,8.752800272908647,4.203054570805881,9.109361356767975,1
ax1wm_finger_pepxq1ms1_seed7,0.16951472798680894,19.542805,task,20,117720,0,8560,8560,109160,109160,0,8560,109160,45.09896790403474,,26.977216113783488,26.977216113783488,46.52002136065393,46.52002136065393,,26.977216113783488,46.52002136065393,8.920672570070334,4.017727355296924,9.305146837553481,1
ax1wm_finger_pepxq1ms1_seed8,0.1628795981031878,9.744199,task,0,120120,7,8721,8714,111399,111399,0,8714,111406,29.10257141605997,93.85049220493862,20.065824436930914,20.006552842442037,29.81002364099004,29.81002364099004,,20.006552842442037,29.81404751115814,11.940284963008704,2.983133042512062,12.64150599639905,1
ax1wm_finger_pepxq1ms1_seed8,0.1628795981031878,10.130773,task,1,120000,0,8714,8714,111286,111286,0,8714,111286,30.376195773625373,,20.9810860901216,20.9810860901216,31.111858712198526,31.111858712198526,,20.9810860901216,31.111858712198526,12.096453469989262,2.9962350122420265,12.809025614201557,1
ax1wm_finger_pepxq1ms1_seed8,0.1628795981031878,11.159,task,5,119520,0,8686,8686,110834,110834,0,8686,110834,33.95122037629087,,23.603190259507468,23.603190259507468,34.76218984048399,34.76218984048399,,23.603190259507468,34.76218984048399,12.238236074135084,2.9658412264015386,12.964908590216915,1
ax1wm_finger_pepxq1ms1_seed8,0.1628795981031878,14.911194,task,20,117720,0,8560,8560,109160,109160,0,8560,109160,42.27334589799407,,28.446418497356298,28.446418497356298,43.35761209943654,43.35761209943654,,28.446418497356298,43.35761209943654,12.555143694815866,2.700355626426846,13.327926636052673,1
